label,periods,invested_periods,coverage,avg_selected_count,cumulative_return,cumulative_excess_return,CAGR,MDD,Sharpe,avg_return,avg_excess,invested_avg_return,invested_avg_excess,hit_excess,hit_positive,label_base,year
ranker_top3_no_gate_2016,12,12,1.0,3.0,-0.023151433389269394,-0.15401494551916695,-0.023151433389269394,-0.07618908177324979,-0.22312649724302477,-0.0016491674472569743,-0.013742415063433622,-0.0016491674472569743,-0.013742415063433622,0.08333333333333333,0.5,ranker_top3_no_gate,2016
ranker_top3_no_gate_2017,12,12,1.0,3.0,0.16085576009590463,-0.05311935179628924,0.16085576009590463,-0.07397189918496294,1.2719207551312388,0.013099533640364968,-0.004307806263770554,0.013099533640364968,-0.004307806263770554,0.4166666666666667,0.6666666666666666,ranker_top3_no_gate,2017
ranker_top3_no_gate_2018,12,12,1.0,3.0,-0.16996698197130855,0.007908777120007038,-0.16996698197130855,-0.17434427316699708,-1.396775393951177,-0.014784936836700827,0.000970609620703469,-0.014784936836700827,0.000970609620703469,0.5,0.25,ranker_top3_no_gate,2018
ranker_top3_no_gate_2019,12,12,1.0,3.0,0.1971175133619818,-0.03639272963585172,0.1971175133619818,-0.06723652371946143,1.3613738259971506,0.01585177779709016,-0.002855720079691189,0.01585177779709016,-0.002855720079691189,0.5833333333333334,0.6666666666666666,ranker_top3_no_gate,2019
ranker_top3_no_gate_2020,12,12,1.0,3.0,0.39125781236128687,0.028261855845791217,0.39125781236128687,-0.1714550375602596,1.1518843598250577,0.03221422702821715,0.0030070867431589237,0.03221422702821715,0.0030070867431589237,0.5833333333333334,0.6666666666666666,ranker_top3_no_gate,2020
ranker_top3_no_gate_2021,12,12,1.0,3.0,0.172233348514095,0.17317692829510833,0.172233348514095,-0.06388083746027184,1.5360364301360407,0.013765296374267042,0.013695902430472163,0.013765296374267042,0.013695902430472163,0.6666666666666666,0.75,ranker_top3_no_gate,2021
ranker_top3_no_gate_2022,12,12,1.0,3.0,0.07855046907491636,0.19062516775693017,0.07855046907491636,-0.07740573391524952,0.6309690560604544,0.00697870889917043,0.015040618609315838,0.00697870889917043,0.015040618609315838,0.75,0.5,ranker_top3_no_gate,2022
ranker_top3_no_gate_2023,12,12,1.0,3.0,-0.03348209410517,-0.17343493021925915,-0.03348209410517,-0.08559103831783399,-0.2298485526218166,-0.002290530394618105,-0.015451191581523764,-0.002290530394618105,-0.015451191581523764,0.3333333333333333,0.5,ranker_top3_no_gate,2023
ranker_top3_no_gate_2024,12,12,1.0,3.0,0.22071502636548845,0.09379314684968176,0.22071502636548845,-0.07599200305220521,1.1589157855286758,0.018027370326725797,0.008227934294878043,0.018027370326725797,0.008227934294878043,0.4166666666666667,0.5,ranker_top3_no_gate,2024
ranker_top3_no_gate_2025,12,12,1.0,3.0,0.8554935128575551,-0.034903295444714044,0.8554935128575551,-0.04082980688695703,2.9021766292801803,0.05464872217602326,-0.002346657853586446,0.05464872217602326,-0.002346657853586446,0.5833333333333334,0.8333333333333334,ranker_top3_no_gate,2025
ranker_top3_no_gate_2026,4,4,1.0,3.0,0.5679610227889207,-0.041371916628139105,2.854834948226528,-0.07258179303434142,3.164362813724478,0.12579805164989977,-0.009851858998054602,0.12579805164989977,-0.009851858998054602,0.5,0.75,ranker_top3_no_gate,2026
ranker_top3_std_gate_2016,12,3,0.25,3.0,-0.0490407892092829,-0.06909324861524979,-0.0490407892092829,-0.04904746625330736,-1.4170388462698391,-0.004133915433556138,-0.005884827381410113,-0.016535661734224553,-0.023539309525640453,0.0,0.3333333333333333,ranker_top3_std_gate,2016
ranker_top3_std_gate_2017,12,5,0.4166666666666667,3.0,0.12678504716096572,0.007302821389167269,0.12678504716096572,-0.030184919063878546,1.4195474178939882,0.010279393444099083,0.0008275011884605442,0.024670544265837802,0.001986002852305306,0.6,0.8,ranker_top3_std_gate,2017
ranker_top3_std_gate_2018,12,3,0.25,3.0,-0.06773684578211658,0.05181853748618859,-0.06773684578211658,-0.06773684578211658,-1.4623393182647009,-0.005740905999658267,0.004384069354121391,-0.022963623998633068,0.017536277416485564,0.6666666666666666,0.0,ranker_top3_std_gate,2018
ranker_top3_std_gate_2019,12,5,0.4166666666666667,3.0,0.020775910058146607,0.04184871968128134,0.020775910058146607,-0.06938384577265722,0.22988761693740417,0.0022329255804326075,0.0034810757085193475,0.0053590213930382585,0.008354581700446435,0.8,0.6,ranker_top3_std_gate,2019
ranker_top3_std_gate_2020,12,11,0.9166666666666666,3.0,0.3012633112654417,0.018933123216475556,0.3012633112654417,-0.13341769886623434,1.0075973686961064,0.025650113927803146,0.0022077480203690283,0.027981942466694342,0.002408452385857122,0.45454545454545453,0.6363636363636364,ranker_top3_std_gate,2020
ranker_top3_std_gate_2021,12,6,0.5,3.0,0.06665008864303634,0.11411728022634082,0.06665008864303634,-0.037925917673145015,0.7546942416956562,0.0056959342130412614,0.00932010535932592,0.011391868426082523,0.01864021071865184,0.6666666666666666,0.6666666666666666,ranker_top3_std_gate,2021
ranker_top3_std_gate_2022,12,10,0.8333333333333334,3.0,0.12534025301128304,0.28925937138425173,0.12534025301128304,-0.03790290936904961,1.0800851346392264,0.010379202662634063,0.022104061054229036,0.012455043195160876,0.026524873265074845,0.8,0.5,ranker_top3_std_gate,2022
ranker_top3_std_gate_2023,12,7,0.5833333333333334,3.0,-0.08866268635700303,-0.06422835850007214,-0.08866268635700303,-0.09461541075429258,-1.4061511357011436,-0.007543237417996128,-0.005446536318880896,-0.012931264145136219,-0.00933691940379582,0.42857142857142855,0.2857142857142857,ranker_top3_std_gate,2023
ranker_top3_std_gate_2024,12,8,0.6666666666666666,3.0,0.2643187652345931,0.12333249959090975,0.2643187652345931,-0.05465845415603099,1.2808552198494918,0.02116104874727497,0.010467242581223756,0.031741573120912456,0.015700863871835634,0.5,0.5,ranker_top3_std_gate,2024
ranker_top3_std_gate_2025,12,11,0.9166666666666666,3.0,0.6610614406307824,0.0022439997695209435,0.6610614406307824,-0.04082980688695703,2.277268444313151,0.04518303310068264,0.0004848438217970124,0.04929058156438106,0.0005289205328694681,0.5454545454545454,0.8181818181818182,ranker_top3_std_gate,2025
ranker_top3_std_gate_2026,4,2,0.5,3.0,0.12944126758243257,0.007598616552479065,0.4407577218502883,-0.07258179303434142,1.0002707140368696,0.036313009398224155,0.0022628126882871316,0.07262601879644831,0.004525625376574263,0.5,0.5,ranker_top3_std_gate,2026
rule_top3_no_gate_2016,12,12,1.0,3.0,0.10678342308653366,-0.07228664696921061,0.10678342308653366,-0.08636559472826644,0.9673226136012432,0.008962276396802249,-0.006019977433808298,0.008962276396802249,-0.006019977433808298,0.5,0.6666666666666666,rule_top3_no_gate,2016
rule_top3_no_gate_2017,12,12,1.0,3.0,0.12999556992006545,-0.0799649963332798,0.12999556992006545,-0.07397189918496272,1.0441580044664056,0.010835810256752093,-0.00675152364263876,0.010835810256752093,-0.00675152364263876,0.3333333333333333,0.6666666666666666,rule_top3_no_gate,2017
rule_top3_no_gate_2018,12,12,1.0,3.0,-0.17159032376708638,-0.020524128050243284,-0.17159032376708638,-0.1910691579981355,-0.8547994061739459,-0.013990998391005207,-0.001471115249666211,-0.013990998391005207,-0.001471115249666211,0.4166666666666667,0.4166666666666667,rule_top3_no_gate,2018
rule_top3_no_gate_2019,12,12,1.0,3.0,0.22774150599101928,0.017235017907337502,0.22774150599101928,-0.0543657559960975,1.6860036641853648,0.01785835475826555,0.0017211121678241722,0.01785835475826555,0.0017211121678241722,0.5,0.75,rule_top3_no_gate,2019
rule_top3_no_gate_2020,12,12,1.0,3.0,0.3188118095979735,-0.03947429364930832,0.3188118095979735,-0.14189541709848918,1.170083416542325,0.02615440964975403,-0.00323343578189925,0.02615440964975403,-0.00323343578189925,0.4166666666666667,0.75,rule_top3_no_gate,2020
rule_top3_no_gate_2021,12,12,1.0,3.0,-0.002430653707646835,-0.04763753021378081,-0.002430653707646835,-0.09655316102258771,0.02007823356435368,0.00016410642979256129,-0.003904995903818837,0.00016410642979256129,-0.003904995903818837,0.4166666666666667,0.5,rule_top3_no_gate,2021
rule_top3_no_gate_2022,12,12,1.0,3.0,-0.04529621130043837,0.03460696866432622,-0.04529621130043837,-0.237858313310493,-0.09208938196532071,-0.0017812598993282361,0.0032933154001162095,-0.0017812598993282361,0.0032933154001162095,0.4166666666666667,0.5,rule_top3_no_gate,2022
rule_top3_no_gate_2023,12,12,1.0,3.0,0.0585903174113811,-0.01570623064350074,0.0585903174113811,-0.0771732071073492,0.43890350132137435,0.005692724077551464,-0.0010376018661864645,0.005692724077551464,-0.0010376018661864645,0.5,0.5833333333333334,rule_top3_no_gate,2023
rule_top3_no_gate_2024,12,12,1.0,3.0,0.3813757967418854,0.2801549824149234,0.3813757967418854,-0.07161717116322708,1.7465442899085437,0.028722754852458374,0.021461677897218787,0.028722754852458374,0.021461677897218787,0.6666666666666666,0.5833333333333334,rule_top3_no_gate,2024
rule_top3_no_gate_2025,12,12,1.0,3.0,0.7848888229740252,0.10232172660794836,0.7848888229740252,-0.07563021978320073,2.118829965732389,0.05267272144489125,0.00901421351527548,0.05267272144489125,0.00901421351527548,0.5833333333333334,0.8333333333333334,rule_top3_no_gate,2025
rule_top3_no_gate_2026,4,4,1.0,3.0,0.5010511048465118,-0.0236739159565158,2.3820999305715307,-0.08030192239743195,2.966050570711175,0.11322444269764484,-0.004550584293951394,0.11322444269764484,-0.004550584293951394,0.75,0.75,rule_top3_no_gate,2026
