date,etf_ticker,market,benchmark_ticker,name,group,ranking_group,ETF_return_20D,ETF_return_60D,ETF_return_120D,benchmark_return_20D,benchmark_return_60D,benchmark_return_120D,ETF_RS_20D,ETF_RS_60D,ETF_RS_120D,RS_slope_20D,price_obs,first_price_date,weighted_HP,median_HP,HP90_share,HP_change_20D,weighted_component_RS_20D,weighted_component_RS_60D,median_component_RS_20D,RS_positive_share,MA60_breadth,MA200_breadth,Breadth_change_20D,median_component_return_20D,median_component_return_60D,holding_count,effective_N,sub_asset,asset_class,persistent_rs,is_mean_reversion_group,is_cyclical_group,benchmark_strong,benchmark_strong_excluded,current_v31_score,screen_rank
2026-05-29,363580.KS,KR,069500.KS,KODEX 200IT TR,Korea IT,Korea IT,0.655645869947276,1.3065034429992348,2.486699051584548,0.34943196036234414,0.6203751827653721,1.2967996867380913,0.3062139095849319,0.6861282602338628,1.1898993648464566,0.007369071373362346,1469,2020-09-25,0.9468501070320694,1.0,0.8029337332458524,0.3531258787140316,0.3194082161538652,0.5138247612998501,0.1185919736069394,0.7527884525260099,0.8104789577279969,1.0,-0.18295997750492088,0.46802393396928355,0.8242830994508847,13,4.936746488147169,domestic_equity_sector,risk,2.7762324767546285,False,False,True,False,3.8041258178352706,1
2026-05-29,139260.KS,KR,069500.KS,TIGER 200 IT,Korea IT,Korea IT,0.6403229325769146,1.2827462886887897,2.454635286714328,0.34943196036234414,0.6203751827653721,1.2967996867380913,0.2908909722145705,0.6623711059234176,1.1578355999762366,0.007173164835928817,3924,2011-04-06,0.9468461757695713,1.0,0.8028519161311507,0.35348749941366875,0.31947892040743764,0.5134720590783277,0.1185919736069394,0.7528495708053851,0.810403865096862,1.0,-0.18307612927435635,0.46802393396928355,0.8242830994508847,13,4.930740857276084,domestic_equity_sector,risk,2.7024695270550287,False,False,True,False,3.7301885919866287,2
2026-05-29,446770.KS,US,QQQ,ACE 글로벌반도체TOP4 Plus,US semiconductor,US semiconductor,0.3355941987156361,0.5801409954111967,1.0103111940142742,0.1056848599099911,0.21403986042698286,0.18567535285112657,0.229909338805645,0.3661011349842138,0.8246358411631476,0.008016101645282214,914,2022-11-15,0.9996617179964425,0.9980794348796773,0.9969045533276534,-0.0030954466723466245,0.505193753689616,0.8195294254145963,0.19296773578997062,0.9959416287660299,1.0,1.0,0.0,0.28813939020071677,0.6389258199921166,8,1.9917756392715829,overseas_equity_sector,risk,1.9862517820981618,False,False,True,False,3.5028814864757716,3
2026-05-29,456600.KS,US,QQQ,TIME 글로벌AI인공지능액티브,US growth,US growth,0.2687374015026571,0.693408340467164,0.8871990307269728,0.1056848599099911,0.21403986042698286,0.18567535285112657,0.16305254159266602,0.4793684800401812,0.7015236778758462,0.003972186975409732,784,2023-05-16,0.9803945991984223,0.8941492423839333,0.9130459176581119,-0.08338177591640172,0.45798914748691116,0.8418322534686493,0.010874125842442406,0.8885172980447661,0.9400127735349673,0.9986591426205569,-0.05998722646503274,0.10604578025318856,0.5561725762531587,24,2.7352156677173927,overseas_equity_index,risk,1.9554089808220407,False,False,True,False,3.3733454264871,4
2026-05-29,381180.KS,US,QQQ,TIGER 미국필라델피아반도체나스닥,US semiconductor,US semiconductor,0.2784555401836246,0.6784824718605984,0.8020436142974057,0.1056848599099911,0.21403986042698286,0.18567535285112657,0.17277068027363351,0.46444261143361554,0.6163682614462791,0.006763489248878327,1331,2021-04-09,0.9475064162753521,0.9497638011541892,0.5571372245969085,-0.413366487568957,0.17312183147242258,0.5970014895236273,0.019470782560949695,0.5157032831522448,1.0,1.0,0.0,0.11464243697169585,0.5338181628647549,23,5.791486946469267,overseas_equity_sector,risk,1.9215676425733355,False,False,True,False,2.897728403022019,5
2026-05-29,390390.KS,US,QQQ,KODEX 미국반도체,US semiconductor,US semiconductor,0.23546974522292996,0.559263854973012,0.6955581701025813,0.1056848599099911,0.21403986042698286,0.18567535285112657,0.12978488531293886,0.34522399454602914,0.5098828172514547,0.005386604334482961,1273,2021-06-30,0.9475578980804741,0.9562679578253839,0.5720898410803008,-0.3889029415877918,0.17395925573501034,0.5950677328158614,0.011997029891637201,0.5034010357638433,1.0,1.0,0.0,0.10716868430238335,0.5012387406210066,20,5.643409025473405,overseas_equity_sector,risk,1.6125537023217202,False,False,True,False,2.5933641655155553,6
2026-05-29,395270.KS,KR,069500.KS,HANARO Fn K-반도체,Korea semiconductor,Korea semiconductor,0.6437343766981849,1.1938436631180185,2.8195890395012264,0.34943196036234414,0.6203751827653721,1.2967996867380913,0.29430241633584076,0.5734684803526464,1.522789352763135,0.008970658407966936,1251,2021-07-30,0.7821103886128271,0.7993019197207679,0.10629082748466952,-0.5750511013593675,-0.35601589124772814,-0.47820463719389017,-0.39558580651619024,0.10766305979216392,0.37663488614760077,0.8082162409411229,-0.6189339470261154,-0.0461538461538461,-0.00189753320683117,19,10.142170943765917,domestic_equity_sector,risk,2.8531777589311966,False,False,True,False,2.321878203843094,7
2026-05-29,287180.KS,US,QQQ,PLUS 미국나스닥테크,US growth,US growth,0.21770091556459814,0.4342370360898544,0.33945244146539677,0.1056848599099911,0.21403986042698286,0.18567535285112657,0.11201605565460704,0.22019717566287156,0.1537770886142702,0.004982212942647492,2190,2017-12-13,0.9251592493091731,0.9615471442474139,0.5872033330591101,-0.23990981238874742,0.14806411538147207,0.5850345238824173,0.0013151533509359048,0.5425011173100507,0.9795999094313642,0.8580235134250775,0.003131714632132132,0.09648680776168206,0.4498711329779448,30,9.969444075596767,overseas_equity_index,risk,1.1554728569126305,False,False,True,False,2.103726021536467,8
2026-05-29,497570.KS,US,QQQ,TIGER 미국필라델피아AI반도체나스닥,US semiconductor,US semiconductor,0.2140029688273133,0.4576314139323623,0.5178971203089753,0.1056848599099911,0.21403986042698286,0.18567535285112657,0.10831810891732219,0.24359155350537942,0.3322217674578487,0.004492217873543173,388,2024-11-26,0.9392466666161089,0.9832407008923596,0.4718325870956939,-0.47352346918561344,0.054970910398427345,0.30426105095359574,0.041232934665675014,0.34192484300191167,1.0,1.0,0.0,0.13640458907642117,0.4093572983742654,12,3.4022728640886863,overseas_equity_sector,risk,1.3051880874332538,False,False,True,False,2.0166978463223213,9
2026-05-29,463680.KS,US,QQQ,KODEX 미국S&P500테크놀로지,US growth,US growth,0.20093688362919138,0.3835983080497236,0.3006077303061305,0.1056848599099911,0.21403986042698286,0.18567535285112657,0.09525202371920027,0.16955844762274075,0.11493237745500395,0.005098626557222074,729,2023-08-03,0.8971631103130565,0.9226846114601548,0.43733484148200025,-0.27184563716763105,0.12395027435606505,0.3888451275979079,-1.941228243851345e-05,0.45957001835024963,0.9777090118077434,0.804971331019878,0.042010514510057995,0.09515224212830764,0.40257669201752766,58,12.194442860568284,overseas_equity_index,risk,1.0399582190993981,False,False,True,False,1.8370531427836587,10
2026-05-29,395160.KS,KR,069500.KS,KODEX AI반도체,Korea semiconductor,Korea semiconductor,0.6132613261326132,0.913472060354261,2.1185381942835755,0.34943196036234414,0.6203751827653721,1.2967996867380913,0.26382936577026905,0.2930968775888889,0.8217385075454842,0.00764912948104776,1251,2021-07-30,0.8038943719858418,0.8006088280060882,0.23649729642155587,-0.4295348224953926,-0.28984331936611,-0.26867279609394523,-0.3961447631305103,0.10081208610947982,0.6218432937078516,0.7948925656655663,-0.3676664168978715,-0.04671280276816614,-0.00189753320683117,23,9.832858848623143,domestic_equity_sector,risk,1.8983992461146189,False,False,True,False,1.7224635451779455,11
2026-05-29,315930.KS,KR,069500.KS,KODEX Top5PlusTR,Korea IT,Korea IT,0.413737231419514,0.6500575563229731,1.42953995157385,0.34943196036234414,0.6203751827653721,1.2967996867380913,0.06430527105716988,0.02968237355760106,0.13274026483575874,0.002522421444191013,1905,2019-01-22,0.9680934007166407,0.8973123768711982,0.8230793092751526,-0.020370178885327217,0.11753302227946603,0.20558583726543078,-0.38733719727007476,0.7734463861027816,0.8502740150966809,0.9688760210939924,-0.07724123668700233,-0.03790523690773062,0.057651211071583,9,3.9147069638350525,domestic_equity_sector,risk,0.7800260903502084,False,False,True,False,1.5306779133805462,12
2026-05-29,133690.KS,US,QQQ,TIGER 미국나스닥100,US growth,US growth,0.13458621270857907,0.244841525538819,0.2078026536468558,0.1056848599099911,0.21403986042698286,0.18567535285112657,0.028901352798587965,0.03080166511183613,0.02212730079572922,0.002121254647057842,4046,2010-10-18,0.901215388733115,0.8934841307050594,0.4695677439056407,-0.19002859792712545,0.09013249029844986,0.35940818702890814,-0.08260356675069824,0.5243754214497199,0.8631518539462216,0.8200871895668951,-0.030287400059436864,0.01256808766004791,0.018114881316722786,74,15.091196735949383,overseas_equity_index,risk,0.6686382528214532,False,False,True,False,1.3645920059875578,13
2026-05-29,379810.KS,US,QQQ,KODEX 미국나스닥100,US growth,US growth,0.13529742916119347,0.2459883286741511,0.20918059121498445,0.1056848599099911,0.21403986042698286,0.18567535285112657,0.02961256925120237,0.03194846824716824,0.023505238363857872,0.002149975328774138,1331,2021-04-09,0.8849330953878917,0.8895852131159551,0.38322991043526855,-0.19953777429455377,0.0769967183350489,0.2487305310754207,-0.08266438765513584,0.44529083284353643,0.8563442208464426,0.7660037479122396,-0.027986639806260816,0.012507266755610313,0.016478561796041236,71,13.364864355882572,overseas_equity_index,risk,0.6723310128126715,False,False,True,False,1.2768079251212439,14
2026-05-29,367380.KS,US,QQQ,ACE 미국나스닥100,US growth,US growth,0.13426984645540663,0.24451309618054085,0.20770410847151233,0.1056848599099911,0.21403986042698286,0.18567535285112657,0.028584986545415525,0.03047323575355798,0.022028755620385754,0.00210999197871721,1445,2020-10-29,0.8809042445684936,0.8865805285006447,0.3743270524805948,-0.19838726598869988,0.0754623025401479,0.24414048649695444,-0.08268117964697264,0.4453839044414749,0.8612242690467274,0.7548938668470913,-0.023153807295907103,0.012490474763773518,0.001821795250942726,72,13.514615455959133,overseas_equity_index,risk,0.6676490477063249,False,False,True,False,1.2690334418663118,15
2026-05-29,448300.KS,US,QQQ,TIGER 미국나스닥100TR(H),US growth,US growth,0.11541184800566429,0.205409005098391,0.16085982167838475,0.1056848599099911,0.21403986042698286,0.18567535285112657,0.009726988095673184,-0.008630855328591869,-0.024815531172741823,0.00023681614145225978,906,2022-11-25,0.901215388733115,0.8934841307050594,0.4695677439056407,-0.19002859792712545,0.09013249029844986,0.35940818702890814,-0.08260356675069824,0.5243754214497199,0.8631518539462216,0.8200871895668951,-0.030287400059436864,0.01256808766004791,0.018114881316722786,74,15.091196735949383,overseas_equity_index,risk,0.5336378622319792,False,False,True,False,1.2295916153980837,16
2026-05-29,304940.KS,US,QQQ,KODEX 미국나스닥100선물(H),US growth,US growth,0.11449492428024621,0.20384684522739538,0.15663074571268987,0.1056848599099911,0.21403986042698286,0.18567535285112657,0.00881006437025511,-0.010193015199587485,-0.029044607138436707,0.00015895528369289764,2006,2018-08-30,1.0,1.0,1.0,0.0,0.0,0.0,0.0,0.0,1.0,1.0,0.0,0.09517165441074615,0.2325818741912642,1,1.0,overseas_equity_index,risk,0.5264534721838503,False,False,True,False,1.220432794574113,17
2026-05-29,241180.KS,US,QQQ,TIGER 일본니케이225,Japan equity,Japan equity,0.15187376725838275,0.22748585286984646,0.3273856754364888,0.1056848599099911,0.21403986042698286,0.18567535285112657,0.04618890734839165,0.013445992442863597,0.1417103225853622,0.0007461303288596107,2633,2016-03-31,0.8913611269514335,0.8984292696345058,0.4652265429573402,-0.059241512397157525,0.007690615064403458,0.057145493048214285,-0.049129432910407944,0.44119045860655526,0.7203361890835128,0.8714083247047915,0.06849387515315175,0.04604222150033821,0.07727679157554246,52,22.304108175008423,overseas_equity_index,risk,0.7213023015179678,False,False,True,False,1.1538950303272162,18
2026-05-29,494410.KS,US,QQQ,PLUS 미국S&P500성장주,US growth,US growth,0.1100000000000001,0.2058846530880971,0.15149035992540072,0.1056848599099911,0.21403986042698286,0.18567535285112657,0.004315140090008995,-0.00815520733888575,-0.034184992925725854,0.0011931041836016655,413,2024-10-22,0.8959623820653839,0.8911179869123262,0.44515588856434496,-0.1490880072653128,0.06920362724914018,0.2430644054696809,-0.08275662417781393,0.4756244484861331,0.8406384085921417,0.7826469812909158,0.0019726781037624486,0.012415030232932223,0.03999102504326013,116,19.380649183746016,overseas_equity_index,risk,0.5368649062694597,False,False,True,False,1.1488022977096797,19
2026-05-29,238720.KS,US,QQQ,ACE 일본Nikkei225(H),Japan equity,Japan equity,0.12651869158878504,0.22063291139240504,0.33691112683815216,0.1056848599099911,0.21403986042698286,0.18567535285112657,0.020833831678793935,0.006593050965422176,0.1512357739870256,-0.00016700427565561956,2653,2016-03-03,0.8993810768152892,0.8984292696345058,0.4779705531929762,-0.06182245192713809,0.015058478340931155,0.0743295496117353,-0.042433328419426486,0.4658177059710567,0.7496005752472534,0.8851466085621555,0.06126358499854545,0.05273832599131967,0.0815891087958327,50,20.96075286593177,overseas_equity_index,risk,0.6832084275362503,False,False,True,False,1.1471479254006682,20
2026-05-29,465580.KS,US,QQQ,ACE 미국빅테크TOP7 Plus,US growth,US growth,0.08209411285394164,0.21639569498511557,0.12641038197520738,0.1056848599099911,0.21403986042698286,0.18567535285112657,-0.023590747056049466,0.002355834558132708,-0.0592649708759192,0.00021696593157849342,701,2023-09-12,0.9034433081910117,0.8926164685875622,0.26677937817760145,-0.3182751655564545,0.11210969132384084,0.18661056873073012,-0.018831571171293526,0.4221546650312803,0.9584044090141735,0.8235801969112873,0.0,0.07634008323945263,0.14538411253029127,6,4.5717435879383235,overseas_equity_index,risk,0.4975047768648726,False,False,True,False,1.1233983097626266,21
2026-05-29,487230.KS,US,QQQ,KODEX 미국AI전력핵심인프라,US growth,US growth,0.04881506988049433,0.287489343913353,0.4059887274232652,0.1056848599099911,0.21403986042698286,0.18567535285112657,-0.05686979002949677,0.07344948348637015,0.22031337457213862,-0.004962179695791322,488,2024-07-09,0.8562016489016747,0.864825916371333,0.2149869091172837,-0.7850130908827163,-0.13971944242284623,0.07791959567898842,-0.13623825362331943,0.0,1.0,1.0,0.0,-0.041066599212573274,0.31781367619213374,3,1.9089602556827852,overseas_equity_index,risk,0.6974027446521376,False,False,True,False,1.0497279894679585,22
2026-05-29,280930.KS,US,QQQ,KODEX 미국러셀2000(H),US broad equity,US broad equity,0.07232401157184176,0.10867397806580259,0.13778141576791603,0.1056848599099911,0.21403986042698286,0.18567535285112657,-0.03336084833814934,-0.10536588236118027,-0.04789393708321055,-0.0025701408990178747,2214,2017-11-09,0.9945210899215705,0.9945210899215705,1.0,0.0,-0.055247585572233415,-0.07292379310972041,-0.055247585572233415,0.0,1.0,1.0,0.0,0.03992406883851274,0.15965808108154378,1,1.0,overseas_equity_index,risk,0.29612698067937065,False,False,True,False,0.9074588786092002,23
2026-05-29,102780.KS,KR,069500.KS,KODEX 삼성그룹,Korea IT,Korea IT,0.44273127753303965,0.7989171522909748,1.384020861319951,0.34943196036234414,0.6203751827653721,1.2967996867380913,0.0932993171706955,0.17854196952560275,0.08722117458185963,0.002253123433543328,4250,2010-01-04,0.8333688891243975,0.8214285714285714,0.310874749233506,-0.35220863772285105,-0.27005926075873726,-0.23331278029136773,-0.3531984387050937,0.2544002422498958,0.529694538021878,0.5510428100987923,0.044513418373140434,-0.0037664783427495685,0.31034482758620685,15,7.786538473917416,domestic_equity_sector,risk,0.9917575984538053,False,False,True,False,0.8973830686199358,24
2026-05-29,185680.KS,US,QQQ,KODEX 미국S&P바이오(합성),US cyclical/sector,US cyclical/sector,0.07043638598647828,0.1028368794326242,0.11755646817248455,0.1056848599099911,0.21403986042698286,0.18567535285112657,-0.035248473923512824,-0.11120298099435866,-0.06811888467864202,-0.002147606882336402,3256,2013-10-31,0.9857215277011342,0.9857215277011342,1.0,0.0,-0.04709617242569952,-0.1302431448250847,-0.04709617242569952,0.0,1.0,1.0,0.0,0.04807548198504663,0.10233872936617949,1,1.0,overseas_equity_sector,risk,0.277674497147805,False,False,True,False,0.8709328369292297,25
2026-05-29,219480.KS,US,QQQ,KODEX 미국S&P500선물(H),US broad equity,US broad equity,0.06371595330739299,0.10083892617449663,0.08783729694566489,0.1056848599099911,0.21403986042698286,0.18567535285112657,-0.04196890660259811,-0.11320093425248623,-0.09783805590546168,-0.00171431372022754,2850,2015-05-29,1.0,1.0,1.0,0.0,-0.04545271339798518,-0.10443119156649705,-0.04545271339798518,0.0,1.0,1.0,0.0,0.049718941012760975,0.12815068262476714,1,1.0,overseas_equity_index,risk,0.2543918166627461,False,False,True,False,0.8606201523733881,26
2026-05-29,143850.KS,US,QQQ,TIGER 미국S&P500선물(H),US broad equity,US broad equity,0.06195667172623165,0.09793851201940229,0.07942653273915035,0.1056848599099911,0.21403986042698286,0.18567535285112657,-0.04372818818375945,-0.11610134840758057,-0.10624882011197623,-0.0016847858863482446,3851,2011-07-18,1.0,1.0,1.0,0.0,-0.04539336745168798,-0.10425293858896079,-0.04539336745168798,0.0,1.0,1.0,0.0,0.04977828695905817,0.1283289356023034,1,1.0,overseas_equity_index,risk,0.2430986705605753,False,False,True,False,0.8494602085910775,27
2026-05-29,379780.KS,US,QQQ,RISE 미국S&P500,US broad equity,US broad equity,0.08386249178892058,0.1400941009487109,0.13684125535193226,0.1056848599099911,0.21403986042698286,0.18567535285112657,-0.021822368121070523,-0.07394575947827198,-0.04883409749919432,0.0002863446687966101,1331,2021-04-09,0.8804505959910984,0.8895852131159551,0.44158636963493864,-0.13198423766825645,0.01654168803192375,0.11675917849866074,-0.10197952823358442,0.35871347641801055,0.7248269327252492,0.7374524201244479,-0.0008383917465594193,-0.006807873822838262,0.007498464263650861,422,49.774324869805575,overseas_equity_index,risk,0.3930501364861775,False,False,True,False,0.84327916333896,28
2026-05-29,457480.KS,US,QQQ,ACE 테슬라밸류체인액티브,US growth,US growth,0.10157618213660236,0.1870724227412126,0.13708339563703986,0.1056848599099911,0.21403986042698286,0.18567535285112657,-0.004108677773388747,-0.026967437685770257,-0.04859195721408671,-0.002006129096984255,784,2023-05-16,0.863859168647712,0.8895852131159551,0.13516947760780387,-0.5435501098044615,-0.06411289657583548,0.07901287132316383,-0.03466560069769331,0.16890991671660058,0.9991569372159174,1.0,-0.0008430627840826377,0.06050605371305284,0.18744474053463223,11,5.034160047974021,overseas_equity_index,risk,0.44582788293066733,False,False,True,False,0.8414785454790534,29
2026-05-29,381170.KS,US,QQQ,TIGER 미국테크TOP10 INDXX,US growth,US growth,0.07925515543244077,0.20167923235092533,0.10786183963288165,0.1056848599099911,0.21403986042698286,0.18567535285112657,-0.02642970447755033,-0.012360628076057534,-0.07781351321824492,0.00028788749109985795,1331,2021-04-09,0.8962285254983624,0.8926164685875622,0.21335008534344718,-0.3414676624888086,-0.014312692503120443,-0.07618398949846633,-0.018831571171293526,0.38004746469346445,0.9553733663167276,0.8107246046919323,0.0,0.07634008323945263,0.14538411253029127,6,4.378810819273683,overseas_equity_index,risk,0.4611067967066699,False,False,True,False,0.8367978487632624,30
2026-05-29,360750.KS,US,QQQ,TIGER 미국S&P500,US broad equity,US broad equity,0.08180428134556572,0.1376368126509333,0.1340355051351938,0.1056848599099911,0.21403986042698286,0.18567535285112657,-0.02388057856442538,-0.07640304777604956,-0.051639847715932774,0.00019637992632684723,1504,2020-08-07,0.8805226240862039,0.8904528752334524,0.44177814462612686,-0.1320415566385793,0.016593650834545753,0.11696405428045209,-0.10191165194384544,0.358869157022106,0.7251415055031618,0.737772472327124,-0.0008387556061362211,-0.0067399975330992845,0.007588680610877585,421,49.731614992724566,overseas_equity_index,risk,0.38438227035112954,False,False,True,False,0.8349627748067534,31
2026-05-29,379800.KS,US,QQQ,KODEX 미국S&P500,US broad equity,US broad equity,0.08085462924172604,0.13792224783749463,0.13421335843274962,0.1056848599099911,0.21403986042698286,0.18567535285112657,-0.024830230668265063,-0.07611761258948824,-0.051461994418376955,0.00022098371131730598,1331,2021-04-09,0.8689727877474476,0.8885928694710641,0.38826911332362396,-0.14155874890782466,0.0039209566822402155,0.044294772786570125,-0.1020723220194682,0.3042206599966527,0.7179516769652068,0.7030889618827145,0.007438898949554407,-0.006900667608722044,0.005464630107960056,412,47.36517997805286,overseas_equity_index,risk,0.3844813290172685,False,False,True,False,0.7721424224127519,32
2026-05-29,360200.KS,US,QQQ,ACE 미국S&P500,US broad equity,US broad equity,0.0824664270853035,0.13817624000543183,0.13483501070979775,0.1056848599099911,0.21403986042698286,0.18567535285112657,-0.023218432824687607,-0.07586362042155104,-0.05084034214132882,0.00027343961311011904,1504,2020-08-07,0.8643528200486622,0.8865805285006447,0.383674685354742,-0.13788066923355619,0.0060519228444893824,0.04604902843940363,-0.10191165194384544,0.30504969019330874,0.7100150784861907,0.692939454688734,-0.0014005364131830511,-0.0067399975330992845,0.004308836586875087,417,48.55173449908779,overseas_equity_index,risk,0.38740951354878594,False,False,True,False,0.7710093973951284,33
2026-05-29,468630.KS,US,QQQ,KODEX iShares미국투자등급회사채액티브,US IG bonds,US IG bonds,0.027152724820306506,0.02242412045236941,0.03062714460299576,0.1056848599099911,0.21403986042698286,0.18567535285112657,-0.0785321350896846,-0.19161573997461345,-0.15504820824813081,-0.002162763189073374,674,2023-10-19,0.9901461556979377,0.9901461556979377,1.0,0.0,-0.08817347626241423,-0.2318576878257812,-0.08817347626241423,0.0,1.0,1.0,1.0,0.006998178148331924,0.0007241863654829928,1,1.0,other,risk,0.05962311136301775,False,False,True,False,0.7374091560245538,34
2026-05-29,448290.KS,US,QQQ,TIGER 미국S&P500TR(H),US broad equity,US broad equity,0.06555891238670686,0.10310464425439658,0.09323834591810032,0.1056848599099911,0.21403986042698286,0.18567535285112657,-0.040125947523284244,-0.11093521617258628,-0.09243700693302626,-0.0015589670308444883,906,2022-11-25,0.8804505959910984,0.8895852131159551,0.44158636963493864,-0.13198423766825645,0.01654168803192375,0.11675917849866074,-0.10197952823358442,0.35871347641801055,0.7248269327252492,0.7374524201244479,-0.0008383917465594193,-0.006807873822838262,0.007498464263650861,422,49.774324869805575,overseas_equity_index,risk,0.2653391702468329,False,False,True,False,0.7155681970996155,35
2026-05-29,251350.KS,US,QQQ,KODEX 선진국MSCI World,Global/Developed equity,Global/Developed equity,0.07555156490507953,0.12417641257341372,0.13612918981247968,0.1056848599099911,0.21403986042698286,0.18567535285112657,-0.030133295004911576,-0.08986344785356914,-0.049546163038646895,-1.942789244533227e-05,2534,2016-08-17,0.8873406587519244,0.8883681275373403,0.4641192140724885,-0.08800088582402105,-0.026089273252112848,-0.030700544471616138,-0.09961468836821996,0.3078816182921205,0.671692474929629,0.8085033530861543,0.05739160875168192,-0.004443033957473808,0.007408247916424138,467,31.864024990720726,overseas_equity_index,risk,0.3573208010949159,False,False,True,False,0.6943887970478275,36
2026-05-29,488500.KS,US,QQQ,TIGER 미국S&P500동일가중,US broad equity,US broad equity,0.05738362760834681,0.05804022579346357,0.11855745619711522,0.1056848599099911,0.21403986042698286,0.18567535285112657,-0.04830123230164429,-0.1559996346335193,-0.06711789665401136,-0.0010255499576876015,478,2024-07-23,0.8804505959910984,0.8895852131159551,0.44158636963493864,-0.13198423766825645,0.01654168803192375,0.11675917849866074,-0.10197952823358442,0.35871347641801055,0.7248269327252492,0.7374524201244479,-0.0008383917465594193,-0.006807873822838262,0.007498464263650861,422,49.774324869805575,overseas_equity_index,risk,0.21627222888273312,False,False,True,False,0.6665012557355157,37
2026-05-29,499150.KS,US,QQQ,SOL 미국S&P500엔화노출(H),Japan equity,Japan equity,0.08026792462289167,0.11102270507989087,0.07593250312453104,0.1056848599099911,0.21403986042698286,0.18567535285112657,-0.02541693528709943,-0.103017155347092,-0.10974284972659554,-0.0008224667065065535,383,2024-12-03,0.8619031152817257,0.8841223189924998,0.3721650996141984,-0.14078635292556152,-8.705853309490946e-05,0.00013224734621758438,-0.10200444572972922,0.3091389806086019,0.7343525867401435,0.6771657631594175,0.02288447155990303,-0.006832791318983067,0.0029418173053320507,380,43.02000696009727,overseas_equity_index,risk,0.2880527544323646,False,False,True,False,0.6578432404661689,38
2026-05-29,449180.KS,US,QQQ,KODEX 미국S&P500(H),US broad equity,US broad equity,0.06484962406015038,0.10358598479890668,0.09292714321457307,0.1056848599099911,0.21403986042698286,0.18567535285112657,-0.04083523584984072,-0.11045387562807618,-0.0927482096365535,-0.0016445697320960552,901,2022-12-02,0.8689727877474478,0.8885928694710641,0.38826911332362435,-0.14155874890782472,0.003947090299061056,0.04429477278656965,-0.10204740452332339,0.30442028243756647,0.7180325979863738,0.7030889618827147,0.007519819970721264,-0.006875750112577239,0.005464630107960056,413,47.39218539478937,overseas_equity_index,risk,0.264019908437189,False,False,True,False,0.6517574592068873,39
2026-05-29,101280.KS,US,QQQ,KODEX 일본TOPIX100,Japan equity,Japan equity,0.09443099273607758,0.10144045420494074,0.1718416796150497,0.1056848599099911,0.21403986042698286,0.18567535285112657,-0.011253867173913523,-0.11259940622204212,-0.013833673236076871,-0.00013672767121907761,4250,2010-01-04,0.8893148055289964,0.9020767637001268,0.478858230507899,-0.10826535361078804,-0.061861773648472076,-0.11367328674759772,-0.05418008234332261,0.30431190523523444,0.6763499706063113,0.8212206859346293,0.06391330863844547,0.04099157206742354,0.10080736665372636,30,16.478604948701587,overseas_equity_index,risk,0.3625670069199973,False,False,True,True,0.6382495752420199,40
2026-05-29,468370.KS,US,QQQ,KODEX iShares미국인플레이션국채액티브,US long bonds,US long bonds,0.02178266788204719,0.03403525843911526,0.044272166825735315,0.1056848599099911,0.21403986042698286,0.18567535285112657,-0.08390219202794391,-0.1800046019878676,-0.14140318602539126,-0.002351437184060776,674,2023-10-19,0.9982944125780635,0.9982944125780635,1.0,0.0,-0.09642894575845085,-0.22951214652714746,-0.09642894575845085,0.0,1.0,1.0,0.0,-0.001257291347704692,0.003069727664116728,1,1.0,other,risk,0.07931248558926024,False,False,True,False,0.5835875627903211,41
2026-05-29,245340.KS,US,QQQ,TIGER 미국다우존스30,US broad equity,US broad equity,0.05989712721124674,0.0721428439066214,0.08598080525630536,0.1056848599099911,0.21403986042698286,0.18567535285112657,-0.045787732698744366,-0.14189701652036146,-0.09969454759482121,-0.00047359118982457087,2567,2016-07-01,0.8985882569322778,0.897364832736193,0.29259795051742454,-0.45098262434054515,-0.03501936998243959,-0.09215372709501515,-0.06511713899217131,0.1885716474249054,0.8337628848493948,0.731712669703103,-0.002797925291468384,0.030054515418574845,0.024688567510921633,20,5.295404461560832,overseas_equity_index,risk,0.22460662725716646,False,False,True,False,0.5401874396087074,42
2026-05-29,458730.KS,US,QQQ,TIGER 미국배당다우존스,US dividend/defensive,US dividend/defensive,0.053852857453078995,0.07040019534028663,0.22497967150632237,0.1056848599099911,0.21403986042698286,0.18567535285112657,-0.05183200245691211,-0.14363966508669623,0.03930431865519579,-0.00013714489424351063,760,2023-06-20,0.8714943647392028,0.8940411266342474,0.4949475544087158,-0.1836256199893757,-0.06008491045251357,-0.11766020545521681,-0.10505655332805702,0.11779134763660339,0.5021702394030212,0.7192003684471733,-0.039751223845836736,-0.00988489891731087,0.004878956595686379,52,25.439952272937035,overseas_equity_sector,risk,0.3189065378814057,False,False,True,False,0.4978871357107397,43
2026-05-29,379790.KS,US,QQQ,RISE 유로스탁스50(H),Global/Developed equity,Global/Developed equity,0.06939558682443225,0.06327503974562787,0.07378401796998757,0.1056848599099911,0.21403986042698286,0.18567535285112657,-0.03628927308555885,-0.150764820681355,-0.111891334881139,-0.0017933179625691435,1331,2021-04-09,0.8498330975531796,0.9197160712076613,0.6,0.19999999999999996,-0.06556851292177986,-0.1677664134288369,-0.047681039784517654,0.1,0.7,0.6,0.09999999999999998,0.0474906146262285,0.10976927489459021,10,9.999999999999996,overseas_equity_index,risk,0.19200215184557365,False,False,True,False,0.49621276903788525,44
2026-05-29,402970.KS,US,QQQ,ACE 미국배당다우존스,US dividend/defensive,US dividend/defensive,0.056501400180851036,0.07301268431698493,0.23032018766536067,0.1056848599099911,0.21403986042698286,0.18567535285112657,-0.04918345972914007,-0.14102717610999793,0.04464483481423409,-7.403632580345928e-05,1192,2021-10-21,0.8672614120348549,0.8913205373509496,0.4795068528534485,-0.17439914313908145,-0.06339814854611774,-0.12783609155828432,-0.10396398475414914,0.11384761221812083,0.4912607350523719,0.6962515282793296,-0.03056874316521263,-0.008792330343402988,0.004308836586875087,55,26.620057525974744,overseas_equity_sector,risk,0.32969609912073,False,False,True,False,0.492488925627676,45
2026-05-29,455660.KS,US,QQQ,ACE 미국하이일드액티브(H),US high yield,US high yield,0.002512141127453127,0.0040342715027574805,0.0044690429562783685,0.1056848599099911,0.21403986042698286,0.18567535285112657,-0.10317271878253798,-0.21000558892422538,-0.1812063098948482,-0.004022739838330422,804,2023-04-18,1.0,1.0,1.0,0.0,-0.09135630206573331,-0.21212376348641726,-0.09135630206573331,0.0,1.0,1.0,0.0,0.0038153523450128457,0.020458110704846932,1,1.0,other,risk,-0.03361247617448154,False,False,True,False,0.4830049803654433,46
2026-05-29,493420.KS,US,QQQ,SOL 미국배당다우존스TR,US dividend/defensive,US dividend/defensive,0.05444992161347639,0.0711023346715447,0.22791336828957975,0.1056848599099911,0.21403986042698286,0.18567535285112657,-0.05123493829651471,-0.14293752575543817,0.04223801543845318,-0.00019047226721395015,423,2024-10-08,0.8852388576233081,0.9121820339035767,0.5042137167308851,-0.19305067243426255,-0.060030320652346134,-0.1354758735926042,-0.10396398475414914,0.1276625604929598,0.4523918462261973,0.7448030387258281,-0.020965713999341162,-0.008792330343402988,0.004308836586875087,49,24.42512425371644,overseas_equity_sector,risk,0.32175400005361304,False,False,True,False,0.4748415452982645,47
2026-05-29,446720.KS,US,QQQ,SOL 미국배당다우존스,US dividend/defensive,US dividend/defensive,0.055262045532040505,0.0704901475951496,0.22669225862358267,0.1056848599099911,0.21403986042698286,0.18567535285112657,-0.0504228143779506,-0.14354971283183326,0.04101690577245609,-0.00012239655376138192,914,2022-11-15,0.8852388576233081,0.9121820339035767,0.5042137167308851,-0.19305067243426255,-0.060030320652346134,-0.1354758735926042,-0.10396398475414914,0.1276625604929598,0.4523918462261973,0.7448030387258281,-0.020965713999341162,-0.008792330343402988,0.004308836586875087,49,24.42512425371644,overseas_equity_sector,risk,0.3216424594160826,False,False,True,False,0.47473000466073406,48
2026-05-29,147970.KS,KR,069500.KS,TIGER 모멘텀,Korea growth,Korea growth,0.17801076474545852,0.5962873460623626,1.0462694117871738,0.34943196036234414,0.6203751827653721,1.2967996867380913,-0.17142119561688562,-0.024087836703009513,-0.2505302749509175,-0.006512999359938881,3779,2011-10-26,0.8541850960809294,0.8774312997359051,0.5067318132464713,-0.2261672095548316,-0.11919567417462557,0.28717333510574705,-0.4020097257845492,0.36840390879478835,0.6434310532030402,0.9431053203040174,-0.24136807817589578,-0.05257776542220505,0.3053355933092736,28,26.24714318513894,domestic_equity_index,risk,0.10293615374436854,False,False,True,False,0.4466267756731591,49
2026-05-29,453660.KS,US,QQQ,KODEX 미국S&P500경기소비재,US cyclical/sector,US cyclical/sector,0.06305578011317703,0.08279537727686481,0.04330309064284443,0.1056848599099911,0.21403986042698286,0.18567535285112657,-0.04262907979681407,-0.13124448315011805,-0.14237226220828214,-0.0014135648127614584,824,2023-03-21,0.850952895228952,0.8189927870168624,0.13678761154431746,0.04350833516717838,-0.028224678972839277,-0.18429867214506213,-0.11147330520966447,0.6071308510485856,0.7524111905907995,0.7030822649507015,0.045471520401964116,-0.01630165079891832,-0.035581950534808504,39,3.1421152608943634,overseas_equity_sector,risk,0.19996155513292796,False,False,True,False,0.399948449422841,50
2026-05-29,156080.KS,KR,069500.KS,KODEX MSCI Korea,Korea broad equity,Korea broad equity,0.3765225827314864,0.631492467861926,1.358928584958179,0.34943196036234414,0.6203751827653721,1.2967996867380913,0.02709062236914228,0.011117285096553964,0.0621288982200876,0.0006116810466854015,3646,2012-04-30,0.8317668880531701,0.8147512864493996,0.2830542479754772,-0.20484233741881286,-0.2843853505962153,-0.4336609516052571,-0.4139236143835885,0.17636057148131412,0.5043210866111894,0.7677932096516412,-0.14881637689396743,-0.06449165402124435,0.052238805970149294,70,43.184982743444486,domestic_equity_index,risk,0.6440667831775152,False,False,True,False,0.3941786667655721,51
2026-05-29,278540.KS,KR,069500.KS,KODEX MSCI Korea TR,Korea broad equity,Korea broad equity,0.3696648524778001,0.6321897934801162,1.365322780113777,0.34943196036234414,0.6203751827653721,1.2967996867380913,0.02023289211545598,0.0118146107147441,0.06852309337568574,0.0003266262434717746,2214,2017-11-09,0.8321983732169346,0.8147512864493996,0.2842394877163934,-0.20436317596357528,-0.28368554015523334,-0.43250539453605047,-0.4139236143835885,0.17680114922938325,0.5060407586861776,0.7691802001412188,-0.14723284069051146,-0.06449165402124435,0.052238805970149294,70,43.24047187049644,domestic_equity_index,risk,0.639709548922921,False,False,True,False,0.3924449402164995,52
2026-05-29,411860.KS,US,QQQ,KIWOOM 독일DAX,Global/Developed equity,Global/Developed equity,0.06935577481137556,0.04449512009435175,0.05729186863919633,0.1056848599099911,0.21403986042698286,0.18567535285112657,-0.03632908509861554,-0.16954474033263112,-0.12838348421193024,-0.0010009287585576242,1148,2021-12-22,0.7501020756876472,0.6573841224020256,0.3333333333333333,0.0,-0.03496550911116129,-0.28884721156977267,-0.026850482072413584,0.0,0.6666666666666666,0.3333333333333333,0.3333333333333333,0.06832117233833257,-0.08553682640811322,3,3.0,overseas_equity_index,risk,0.16362601171429306,False,False,True,False,0.3799850328981387,53
2026-05-29,452360.KS,US,QQQ,SOL 미국배당다우존스(H),US dividend/defensive,US dividend/defensive,0.03918006319252543,0.0407450638440876,0.18721901908875194,0.1056848599099911,0.21403986042698286,0.18567535285112657,-0.06650479671746568,-0.17329479658289526,0.001543666237625363,-0.0019674893899918155,824,2023-03-21,0.8852388576233081,0.9121820339035767,0.5042137167308851,-0.19305067243426255,-0.060030320652346134,-0.1354758735926042,-0.10396398475414914,0.1276625604929598,0.4523918462261973,0.7448030387258281,-0.020965713999341162,-0.008792330343402988,0.004308836586875087,49,24.42512425371644,overseas_equity_sector,risk,0.2095498644533179,False,False,True,False,0.36263740969796937,54
2026-05-29,245350.KS,US,QQQ,TIGER 유로스탁스배당30,US dividend/defensive,US dividend/defensive,0.034287187419437926,0.0931411214373361,0.11599164770863424,0.1056848599099911,0.21403986042698286,0.18567535285112657,-0.07139767249055318,-0.12089873898964676,-0.06968370514249234,-0.0011098491299693074,2567,2016-07-01,0.6215696640452896,0.6215696640452896,0.0,0.0,-0.03734194226124676,-0.16809822430004373,-0.03734194226124676,0.5,0.5,0.0,0.5,0.05782971214949939,0.06448364989122046,2,2.0,overseas_equity_sector,risk,0.24627602496151588,False,False,True,False,0.35545309389659846,55
2026-05-29,091160.KS,KR,069500.KS,KODEX 반도체,Korea semiconductor,Korea semiconductor,0.2997981429148162,0.6019041145006192,1.763291426208116,0.34943196036234414,0.6203751827653721,1.2967996867380913,-0.04963381744752793,-0.018471068264752866,0.46649173947002476,7.433752807296282e-05,4250,2010-01-04,0.7547001646374496,0.7775346462436178,0.09111281526925695,-0.5384543285616903,-0.3409971720634211,-0.3807229590197776,-0.39558580651619024,0.13341002044989772,0.380478868438991,0.6936690524880708,-0.5896472392638039,-0.0461538461538461,0.011037527593819041,33,17.416779019559076,domestic_equity_sector,risk,0.8099840899116357,False,False,True,False,0.3376119995557399,56
2026-05-29,182480.KS,US,QQQ,TIGER 미국MSCI리츠(합성 H),US REIT,US REIT,0.016238036279478507,0.021794328470779112,0.11206259480160718,0.1056848599099911,0.21403986042698286,0.18567535285112657,-0.0894468236305126,-0.19224553195620375,-0.07361275804951939,-0.0030359028758784384,3271,2013-10-10,0.9311007538334287,0.9550891974260094,0.7644162164485538,-0.09791538461392246,-0.10136741060522893,-0.20252366075181677,-0.08599198703904043,0.025712591728876556,0.6557903468483792,0.7733755668399463,-0.16289574424937614,0.009179667371705724,0.030811323603430973,44,20.551976050843486,overseas_equity_sector,risk,0.09393861418982481,False,False,True,False,0.33703862623379816,57
2026-05-29,352560.KS,US,QQQ,KODEX 미국부동산리츠(H),US REIT,US REIT,0.009387755102040707,0.009336580192522037,0.07052810367088536,0.1056848599099911,0.21403986042698286,0.18567535285112657,-0.0962971048079504,-0.20470328023446083,-0.11514724918024122,-0.003949097778021304,502,2024-06-19,0.9072795139511499,0.9352299015151231,0.7374352969532332,0.013643974163489725,-0.10060644325598822,-0.20359888787012873,-0.08947507796188481,0.02432396825873025,0.7328523637797519,0.8605403195816332,-0.17911173687541826,0.005696576448861346,0.009224616750804437,46,28.507197074073424,overseas_equity_sector,risk,0.027402530769490684,False,False,True,False,0.29675273974138566,58
2026-05-29,295040.KS,KR,069500.KS,SOL 200TR,Korea broad equity,Korea broad equity,0.3495197438633939,0.6227141482194418,1.3022303140646336,0.34943196036234414,0.6203751827653721,1.2967996867380913,8.778350104976518e-05,0.0023389654540697524,0.005430627326542314,-2.8334216033478277e-05,2099,2018-04-23,0.8225858724811096,0.7806181978942289,0.2287032317075383,-0.2983987881548648,-0.30586886186120754,-0.4040871758296857,-0.4328555789972304,0.1396658749182048,0.5142135117840382,0.783805670943556,-0.15028759630228072,-0.08342361863488623,0.0126811594202898,182,65.49107482771275,domestic_equity_index,risk,0.5592734105798566,False,False,True,False,0.29028815443685024,59
2026-05-29,148020.KS,KR,069500.KS,RISE 200,Korea broad equity,Korea broad equity,0.3525151304692926,0.6281928361777085,1.3093241508956015,0.34943196036234414,0.6203751827653721,1.2967996867380913,0.003083170106948474,0.007817653412336423,0.012524464157510184,1.8713041951357954e-05,3783,2011-10-20,0.8132916555267254,0.779816253160151,0.2182334503174651,-0.33120414560123135,-0.3195424612417829,-0.4013010847955491,-0.43140594196443144,0.11665626949469769,0.4963546111776626,0.7569740785107691,-0.20661795942423872,-0.0819739816020873,0.012576829667770184,183,69.27152775171545,domestic_equity_index,risk,0.5756449222667651,False,False,True,False,0.2740859269173931,60
2026-05-29,102110.KS,KR,069500.KS,TIGER 200,Korea broad equity,Korea broad equity,0.3500050015004501,0.6215969109185624,1.3012265922667061,0.34943196036234414,0.6203751827653721,1.2967996867380913,0.0005730411381059675,0.0012217281531903268,0.0044269055286148,3.181325150955641e-05,4250,2010-01-04,0.8128674973443685,0.7790143084260731,0.21771254709450538,-0.3294783644854412,-0.3202053037495833,-0.4038184127003298,-0.4328555789972304,0.11651286639235864,0.4948499724277826,0.7562847303899837,-0.20587770275220818,-0.08342361863488623,0.012472499915250568,184,68.89086302614761,domestic_equity_index,risk,0.5581679160812094,False,False,True,False,0.25411684291251607,61
2026-05-29,069500.KS,KR,069500.KS,KODEX 200,Korea broad equity,Korea broad equity,0.34943196036234414,0.6203751827653721,1.2967996867380913,0.34943196036234414,0.6203751827653721,1.2967996867380913,0.0,0.0,0.0,0.0,4250,2010-01-04,0.8133526327249403,0.7790143084260731,0.21893171940992837,-0.32915697496480434,-0.3190567963174682,-0.4012597243223751,-0.4328555789972304,0.11701199730672701,0.49694328824141526,0.7578349758217546,-0.20576375711574985,-0.08342361863488623,0.012472499915250568,184,69.34684905229366,domestic_equity_index,risk,0.5523031923556142,False,False,True,False,0.25185356473843057,62
2026-05-29,152100.KS,KR,069500.KS,PLUS 200,Korea broad equity,Korea broad equity,0.34812555347830365,0.6229461318565996,1.298333227179476,0.34943196036234414,0.6203751827653721,1.2967996867380913,-0.0013064068840404897,0.00257094909122757,0.001533540441384762,-8.638203462092261e-05,3725,2012-01-10,0.8129018532782702,0.779816253160151,0.21725242063978475,-0.3303062568942279,-0.3202999424181039,-0.40358263603222944,-0.43140594196443144,0.11636306532663361,0.4952046819463179,0.756786983698984,-0.20677319524451526,-0.0819739816020873,0.012576829667770184,183,69.37669530045905,domestic_equity_index,risk,0.5548861971148734,False,False,True,False,0.25072995954819227,63
2026-05-29,361580.KS,KR,069500.KS,RISE 200TR,Korea broad equity,Korea broad equity,0.34581246155198175,0.6200148101131915,1.2980192076830734,0.34943196036234414,0.6203751827653721,1.2967996867380913,-0.003619498810362387,-0.000360372652180585,0.001219520944982122,-5.60453604457146e-05,1494,2020-08-21,0.8131973301724057,0.779816253160151,0.21778811876633997,-0.3317208546392625,-0.3202326831211678,-0.4032162868806937,-0.4342354249465451,0.1164357832276671,0.4967264893706756,0.7569782507033862,-0.20501989405171567,-0.08480346458420096,0.012576829667770184,183,69.27989503046834,domestic_equity_index,risk,0.5487528183222333,False,False,True,False,0.24602044995688205,64
2026-05-29,294400.KS,KR,069500.KS,KIWOOM 200TR,Korea broad equity,Korea broad equity,0.3461641170411627,0.6206769852569696,1.2947909215061455,0.34943196036234414,0.6203751827653721,1.2967996867380913,-0.003267843321181463,0.0003018024915975026,-0.0020087652319458194,-6.263251498162574e-05,2099,2018-04-23,0.8128928319454396,0.779816253160151,0.21794126591244195,-0.33119435216586307,-0.3202487532632649,-0.40264639766570487,-0.4342354249465451,0.1161632297974066,0.4972919497576813,0.7571030983790203,-0.20434519845562205,-0.08480346458420096,0.012576829667770184,183,69.03823049224319,domestic_equity_index,risk,0.5476898356532547,False,False,True,False,0.24563135999240687,65
2026-05-29,453640.KS,US,QQQ,KODEX 미국S&P500헬스케어,US dividend/defensive,US dividend/defensive,0.07547169811320753,-0.007530354367616843,0.00804075477270283,0.1056848599099911,0.21403986042698286,0.18567535285112657,-0.030213161796783572,-0.2215702147945997,-0.17763459807842374,-7.672471625729118e-05,824,2023-03-21,0.842234526987881,0.8443940097820039,0.5038422276984036,0.15980639213133302,-0.07461242524681667,-0.23970030021823774,-0.06632787336334234,0.1633916081462857,0.5113423083505471,0.6344392994235766,0.25184589033587435,0.028843781047403816,-0.020035459168297298,55,28.885988825715526,overseas_equity_sector,risk,0.06965392945740727,False,False,True,False,0.23714529399159273,66
2026-05-29,278530.KS,KR,069500.KS,KODEX 200TR,Korea broad equity,Korea broad equity,0.3414903912622702,0.6088542530260321,1.2900637243332547,0.34943196036234414,0.6203751827653721,1.2967996867380913,-0.00794156910007393,-0.011520929739339936,-0.006735962404836648,-0.00018431774040058153,2206,2017-11-21,0.8126659359208273,0.779816253160151,0.21645870605685338,-0.33196476902610206,-0.3210910658533433,-0.40451321888316244,-0.4342354249465451,0.11576219092618961,0.495026530268974,0.757251861706196,-0.20675642613575435,-0.08480346458420096,0.012576829667770184,183,69.17349297612034,domestic_equity_index,risk,0.5209894239963037,False,False,True,False,0.21536474019900886,67
2026-05-29,291130.KS,US,QQQ,ACE 멕시코MSCI(합성),India/EM,India/EM,0.049154746423927254,0.03356392518575446,0.15201689186890288,0.1056848599099911,0.21403986042698286,0.18567535285112657,-0.05653011348606385,-0.1804759352412284,-0.03365846098222369,-0.001813724767167618,2130,2018-03-09,,,,,,,,,,,,,,0,,overseas_equity_index,risk,0.18481433993190433,False,False,True,False,0.18481433993190433,68
2026-05-29,453650.KS,US,QQQ,KODEX 미국S&P500금융,US cyclical/sector,US cyclical/sector,0.0032000000000000917,0.025015424637037986,-0.020665165742316915,0.1056848599099911,0.21403986042698286,0.18567535285112657,-0.10248485990999101,-0.18902443578994488,-0.2063405185934435,-0.002422028025070239,824,2023-03-21,0.843486969740458,0.9064052513572662,0.4385437412198751,-0.1076684792975115,-0.08881351261226787,-0.17810798457533683,-0.1050863876444218,0.07768891300919335,0.6469648729478807,0.3293030056153819,-0.05548559622775284,-0.009914733233675643,0.04795281660762285,63,29.3735565272615,overseas_equity_sector,risk,0.0036498960132756754,False,False,True,False,0.1792078593894832,69
2026-05-29,105010.KS,US,QQQ,TIGER 라틴35,India/EM,India/EM,-0.01406469760900142,0.04383889529532037,0.24277643038516206,0.1056848599099911,0.21403986042698286,0.18567535285112657,-0.11974955751899252,-0.1702009651316625,0.05710107753403548,-0.00468429117365825,4250,2010-01-04,,,,,,,,,,,,,,0,,overseas_equity_index,risk,0.16919256050392992,False,False,True,True,0.16919256050392992,70
2026-05-29,218420.KS,US,QQQ,KODEX 미국S&P500에너지(합성),US cyclical/sector,US cyclical/sector,-0.03775435155675411,0.021337496747332763,0.259627727856226,0.1056848599099911,0.21403986042698286,0.18567535285112657,-0.1434392114667452,-0.1927023636796501,0.07395237500509944,-0.0018803601071610814,2870,2015-04-30,,,,,,,,,,,,,,0,,overseas_equity_sector,risk,0.16725903468916586,False,False,True,False,0.16725903468916586,71
2026-05-29,182490.KS,US,QQQ,TIGER 단기선진하이일드(합성 H),US high yield,US high yield,0.00036179450072348907,0.004358881220486666,0.008755928493250575,0.1056848599099911,0.21403986042698286,0.18567535285112657,-0.10532306540926761,-0.2096809792064962,-0.176919424357876,-0.00419647470971885,3156,2014-03-24,0.8645796574482587,0.8645796574482587,0.0,0.0,-0.10414081843563316,-0.18997125347007238,-0.10414081843563316,0.0,1.0,0.0,0.0,-0.00896916402488701,0.042610620721191816,1,1.0,other,risk,-0.03442803382345087,False,False,True,False,0.1628700815157336,72
2026-05-29,484790.KS,US,QQQ,KODEX 미국30년국채액티브(H),US long bonds,US long bonds,0.0036328120755977356,-0.029091368533226136,-0.01772040590132473,0.1056848599099911,0.21403986042698286,0.18567535285112657,-0.10205204783439337,-0.243131228960209,-0.2033957587524513,-0.004780268529848821,502,2024-06-19,0.9571438646478183,0.9579247888787922,1.0,0.0,-0.09340481304098776,-0.2542353238878445,-0.0934195048393236,0.0,0.3333333333333333,0.0,0.3333333333333333,0.0017521495714225566,-0.021121818833764627,3,3.0,other,risk,-0.10859209071498171,False,False,True,False,0.12032714014859558,73
2026-05-29,283580.KS,US,QQQ,KODEX 차이나CSI300,China equity,China equity,0.04323196183661304,0.10381412076996521,0.1410103324065919,0.1056848599099911,0.21403986042698286,0.18567535285112657,-0.06245289807337806,-0.11022573965701765,-0.04466502044453469,-0.0016337244190465878,2190,2017-12-13,,,,,-0.038595669718117565,-0.04507607915174461,-0.038595669718117565,0.0,1.0,,0.0,0.05657598469262859,0.18750579503951958,1,1.0,overseas_equity_index,risk,0.27984906745169574,True,True,True,False,0.11803495402609016,74
2026-05-29,453630.KS,US,QQQ,KODEX 미국S&P500필수소비재,US dividend/defensive,US dividend/defensive,0.032545524990313934,-0.005390577801829166,0.10467108250123536,0.1056848599099911,0.21403986042698286,0.18567535285112657,-0.07313933491967717,-0.21943043822881203,-0.08100427034989122,-0.0014074525224984644,824,2023-03-21,0.8622761880661778,0.858420503395333,0.3880567834070484,-0.1104709952105492,-0.10226116840580456,-0.2657451590766445,-0.09720619670742225,0.05889295492147257,0.41186621741190815,0.7065514748787667,0.06438038359055981,-0.0020345422966761006,-0.0438582051043796,26,15.835539020982146,overseas_equity_sector,risk,0.08511536387059598,False,False,True,False,0.09964291126039235,75
2026-05-29,325010.KS,KR,069500.KS,KODEX 성장주,Korea growth,Korea growth,0.3361199901647407,0.6494943154209192,1.2775444601644934,0.34943196036234414,0.6203751827653721,1.2967996867380913,-0.01331197019760344,0.02911913265554711,-0.019255226573597906,-0.0007108846699065482,1812,2019-05-31,0.7646224219082417,0.7150171484566389,0.11184586125130934,-0.4170201289626587,-0.39932278331809656,-0.5006823483770985,-0.47983038253492305,0.04889863366829059,0.4670010402474186,0.6875299902980292,-0.2170264334924631,-0.1303984221725789,-0.06542254370102474,270,76.93190126307375,domestic_equity_index,risk,0.5610166588661657,False,False,True,False,0.09301006425849606,76
2026-05-29,245710.KS,US,QQQ,ACE 베트남VN30(합성),India/EM,India/EM,0.01185583306987037,0.038112228349010735,0.02933465832766169,0.1056848599099911,0.21403986042698286,0.18567535285112657,-0.09382902684012073,-0.17592763207797213,-0.15634069452346488,-0.0031110533520581096,2567,2016-07-01,,,,,,,,,,,,,,0,,overseas_equity_index,risk,0.055723118288887166,False,False,True,False,0.055723118288887166,77
2026-05-29,476760.KS,US,QQQ,ACE 미국30년국채액티브,US long bonds,US long bonds,0.024048696729918717,0.0011863143803669818,0.01587909365949458,0.1056848599099911,0.21403986042698286,0.18567535285112657,-0.08163616318007239,-0.21285354604661588,-0.169796259191632,-0.0027950231535315154,573,2024-03-12,0.9173348317805542,0.9173348317805542,1.0,0.0,-0.09265435038376202,-0.26978573215052426,-0.09265435038376202,0.0,0.0,0.0,0.0,0.002517304026984135,-0.03720385795926007,1,1.0,other,risk,0.00585855709333849,False,False,True,False,0.011465387432284386,78
2026-05-29,460660.KS,US,QQQ,RISE 미국S&P배당킹,US dividend/defensive,US dividend/defensive,0.023826940771697558,-0.009115076385451504,0.08025580908980845,0.1056848599099911,0.21403986042698286,0.18567535285112657,-0.08185791913829354,-0.22315493681243437,-0.10541954376131812,-0.0024549083541394443,755,2023-06-27,0.8412296110803962,0.8532946660076028,0.36117466821309174,-0.10038387725031572,-0.11504919007479963,-0.2816964231956208,-0.09765463450022882,0.01881240350439372,0.3478194819959375,0.6144020400046464,0.0369455016588045,-0.002482980089482667,-0.04903650845750762,27,12.673070741494502,overseas_equity_sector,risk,0.040130812906137736,False,False,True,False,-0.008189472583631549,79
2026-05-29,488770.KS,US,QQQ,KODEX 머니마켓액티브,Cash/short bonds,Cash/short bonds,0.0023983115886416773,0.007423833397608881,0.015674675362694623,0.1056848599099911,0.21403986042698286,0.18567535285112657,-0.10328654832134943,-0.20661602702937398,-0.17000067748843195,-0.0037774867174302437,468,2024-08-06,,,,,,,,,,,,,,0,,other,risk,-0.017295616912994076,False,False,True,False,-0.017295616912994076,80
2026-05-29,469830.KS,US,QQQ,SOL 초단기채권액티브,Cash/short bonds,Cash/short bonds,0.002230690584626771,0.00747453984864066,0.015532102860238206,0.1056848599099911,0.21403986042698286,0.18567535285112657,-0.10345416932536433,-0.2065653205783422,-0.17014324999088837,-0.00378291821844333,661,2023-11-07,,,,,,,,,,,,,,0,,other,risk,-0.017538838081888972,False,False,True,False,-0.017538838081888972,81
2026-05-29,459580.KS,US,QQQ,KODEX CD금리액티브(합성),Cash/short bonds,Cash/short bonds,0.0020942595306661094,0.006554867865443015,0.013444316152354308,0.1056848599099911,0.21403986042698286,0.18567535285112657,-0.10359060037932499,-0.20748499256153985,-0.17223103669877227,-0.0037877701954739406,768,2023-06-08,,,,,,,,,,,,,,0,,other,risk,-0.02056080889141587,False,False,True,False,-0.02056080889141587,82
2026-05-29,476750.KS,US,QQQ,ACE 미국30년국채엔화노출액티브(H),US long bonds,US long bonds,0.030522868687392624,-0.021305680422701756,-0.031063645168040832,0.1056848599099911,0.21403986042698286,0.18567535285112657,-0.07516199122259848,-0.23534554084968462,-0.2167389980191674,-0.0036470534788653666,573,2024-03-12,0.9173348317805542,0.9173348317805542,1.0,0.0,-0.09265435038376202,-0.26978573215052426,-0.09265435038376202,0.0,0.0,0.0,0.0,0.002517304026984135,-0.03720385795926007,1,1.0,other,risk,-0.06733144200278034,False,False,True,False,-0.061724611663834444,83
2026-05-29,429000.KS,US,QQQ,TIGER 미국S&P500배당귀족,US dividend/defensive,US dividend/defensive,0.0256774161708484,-0.008902347187660364,0.06766005937406083,0.1056848599099911,0.21403986042698286,0.18567535285112657,-0.0800074437391427,-0.22294220761464323,-0.11801529347706574,-0.0019368735587115711,1044,2022-05-17,0.8512281839519986,0.8726302694291901,0.3426762607298952,-0.15584830146579431,-0.11995898392239344,-0.26010136002852224,-0.09883385763705882,0.008466409591904622,0.28061504937246384,0.6930288510642619,-0.09062422539854648,-0.003662203226312666,-0.045379925616446215,54,25.18381607264853,overseas_equity_sector,risk,0.04059970045496105,False,False,True,False,-0.06230743401005801,84
2026-05-29,267440.KS,US,QQQ,RISE 미국장기국채선물(H),US long bonds,US long bonds,-0.008479709267110835,-0.03762492651381544,-0.029753437648174508,0.1056848599099911,0.21403986042698286,0.18567535285112657,-0.11416456917710194,-0.2516647869407983,-0.21542879049930108,-0.004813217463058976,2358,2017-04-20,,,,,-0.11454342571146103,,-0.11454342571146103,0.0,,,,-0.01937177130071488,,1,1.0,other,risk,-0.1405083771866708,False,False,True,False,-0.0967488485836972,85
2026-05-29,453850.KS,US,QQQ,ACE 미국30년국채액티브(H),US long bonds,US long bonds,0.004731107468455509,-0.026566905413675124,-0.018316117116149,0.1056848599099911,0.21403986042698286,0.18567535285112657,-0.1009537524415356,-0.240606765840658,-0.20399146996727557,-0.0047038145070348895,829,2023-03-14,0.9173348317805542,0.9173348317805542,1.0,0.0,-0.09265435038376202,-0.26978573215052426,-0.09265435038376202,0.0,0.0,0.0,0.0,0.002517304026984135,-0.03720385795926007,1,1.0,other,risk,-0.10320821553472492,False,False,True,False,-0.09760138519577903,86
2026-05-29,463690.KS,US,QQQ,KODEX 미국S&P500커뮤니케이션,US cyclical/sector,US cyclical/sector,0.029419223941161476,0.02838310611871253,0.03288109796100458,0.1056848599099911,0.21403986042698286,0.18567535285112657,-0.07626563596882963,-0.18565675430827033,-0.152794254890122,-0.002240608796767135,729,2023-08-03,0.7833403451863027,0.8810435871766609,0.32254873981273097,-0.050390343178563335,-0.1289857575021885,-0.31941107884378067,-0.11744816676088493,0.02178835973797201,0.16970673319077317,0.32254873981273097,0.021788359737971996,-0.022276512350138777,-0.08060153224220329,12,5.744418073070303,overseas_equity_sector,risk,0.0709288063055794,False,False,True,False,-0.10786772393302232,87
2026-05-29,261920.KS,US,QQQ,ACE 필리핀MSCI(합성),India/EM,India/EM,0.0011727912431587217,-0.09505300353356894,-0.034579570473492804,0.1056848599099911,0.21403986042698286,0.18567535285112657,-0.10451206866683238,-0.3090928639605518,-0.22025492332461938,-0.002877401054862288,2439,2016-12-28,,,,,,,,,,,,,,0,,overseas_equity_index,risk,-0.1940631583843792,False,False,True,False,-0.1940631583843792,88
2026-05-29,302450.KS,KR,069500.KS,RISE 코스피,Korea broad equity,Korea broad equity,0.282414197711939,0.5182569445249923,1.0564507460267674,0.34943196036234414,0.6203751827653721,1.2967996867380913,-0.06701776265040515,-0.1021182382403798,-0.24034894071132396,-0.002287723147375319,2033,2018-07-24,0.8039118676533134,0.747945665400368,0.2158763442470741,-0.3559536290926515,-0.33330881665844164,-0.3903660208197079,-0.46571666118371746,0.1108096790596132,0.4581102503514523,0.7448147815410449,-0.2584860422847291,-0.11628470082137332,-0.014961697849841138,385,92.89318482318465,domestic_equity_index,risk,0.14191692813342013,False,False,True,False,-0.19522607741661016,89
2026-05-29,277630.KS,KR,069500.KS,TIGER 코스피,Korea broad equity,Korea broad equity,0.28140228380245835,0.5122200183349059,1.0562284618862123,0.34943196036234414,0.6203751827653721,1.2967996867380913,-0.06802967655988579,-0.10815516443046613,-0.24057122485187898,-0.002317870591605176,2263,2017-08-31,0.8037172890671549,0.7463414634146341,0.21558661711831537,-0.34965372457228316,-0.33275970929753046,-0.39109396876032293,-0.46571666118371746,0.11053348933142106,0.458239352527535,0.7385232851267131,-0.25396528640524574,-0.11628470082137332,-0.014961697849841138,393,93.22592550120171,domestic_equity_index,risk,0.1314361641398124,False,False,True,False,-0.20480559493819173,90
2026-05-29,328370.KS,KR,069500.KS,PLUS 코스피TR,Korea broad equity,Korea broad equity,0.2751109318273497,0.5182516810758886,1.058389407423486,0.34943196036234414,0.6203751827653721,1.2967996867380913,-0.07432102853499445,-0.10212350168948348,-0.23841027931460523,-0.002415700405563392,1795,2019-06-25,0.8089278900298185,0.746751517733518,0.24073338762828936,-0.3443855444035132,-0.33425499127269104,-0.399080965439073,-0.46438829122609215,0.10909517750681966,0.44881734578832855,0.7538786594750051,-0.27773897266606296,-0.11495633086374801,-0.014961697849841138,379,89.76552835887381,domestic_equity_index,risk,0.13525624006215917,False,False,True,False,-0.206444072447128,91
2026-05-29,226490.KS,KR,069500.KS,KODEX 코스피,Korea broad equity,Korea broad equity,0.2813006931131101,0.5102472127297557,1.0535463359311152,0.34943196036234414,0.6203751827653721,1.2967996867380913,-0.06813126724923402,-0.11012797003561636,-0.24325335080697608,-0.002256398878629391,2789,2015-08-24,0.8055333142428145,0.7477295660948536,0.21784657751695602,-0.34850762422434955,-0.3310627227059137,-0.3951165246055627,-0.4631840826034307,0.11299996397737767,0.455851274600449,0.7411818804775128,-0.25700081902670174,-0.11375212224108655,-0.015428472398197446,378,91.22762954545071,domestic_equity_index,risk,0.12739789991688988,False,False,True,False,-0.2100352763736249,92
2026-05-29,453870.KS,US,QQQ,TIGER 인도니프티50,India/EM,India/EM,0.006865912762520132,-0.04660272073346439,-0.11657273275428182,0.1056848599099911,0.21403986042698286,0.18567535285112657,-0.09881894714747097,-0.26064258116044725,-0.3022480856054084,-0.0037538415481517557,806,2023-04-14,0.7246661530891622,0.7683168442952166,0.0,0.0,-0.07380518309921795,-0.3172074556113374,-0.10173143216848968,0.2,0.4,0.0,0.4,-0.0065597777577435235,-0.06985819742572874,5,4.999999999999999,overseas_equity_index,risk,-0.18656501230063474,False,False,True,False,-0.24195460756271142,93
2026-05-29,453810.KS,US,QQQ,KODEX 인도Nifty50,India/EM,India/EM,0.006377042646472653,-0.04980351115536408,-0.12249508422805055,0.1056848599099911,0.21403986042698286,0.18567535285112657,-0.09930781726351845,-0.26384337158234694,-0.30817043707917713,-0.0038739796212098007,801,2023-04-21,0.7246661530891622,0.7683168442952166,0.0,0.0,-0.07380518309921795,-0.3172074556113374,-0.10173143216848968,0.2,0.4,0.0,0.4,-0.0065597777577435235,-0.06985819742572874,5,4.999999999999999,overseas_equity_index,risk,-0.19762820124935265,False,False,True,False,-0.2530177965114293,94
2026-05-29,192090.KS,US,QQQ,TIGER 차이나CSI300,China equity,China equity,0.048034934497816595,0.11368909512761016,0.1488055129202055,0.1056848599099911,0.21403986042698286,0.18567535285112657,-0.05764992541217451,-0.1003507652993727,-0.03686983993092108,-0.001553410228283224,3181,2014-02-17,0.7789099678770537,0.7852442925417382,0.2,-0.11428571428571427,-0.073625456183119,-0.18549665478871766,-0.1486237219725215,0.2,0.4285714285714286,0.37142857142857144,-0.08571428571428563,-0.05345206756177534,-0.02971372974652875,35,35.00000000000001,overseas_equity_index,risk,0.305298132684549,True,True,True,False,-0.2951644717347298,95
2026-05-29,463640.KS,US,QQQ,KODEX 미국S&P500유틸리티,US dividend/defensive,US dividend/defensive,-0.014696485623003186,-0.029378516487265527,0.05926642783762226,0.1056848599099911,0.21403986042698286,0.18567535285112657,-0.12038134553299429,-0.2434183769142484,-0.12640892501350431,-0.0037978853197892194,729,2023-08-03,0.8848271483200622,0.9224867369793847,0.5618286045279051,-0.20496385861557054,-0.14550647214999596,-0.2831763434033447,-0.1329184640783636,0.0,0.04232993074118997,0.7084749334937903,-0.5685888026281385,-0.037746809667617454,-0.0367203721393804,26,19.005212620954552,overseas_equity_sector,risk,-0.0566669545747614,False,False,True,False,-0.318687173053916,96
2026-05-29,144600.KS,US,QQQ,KODEX 은선물(H),Gold,Gold,0.0402347024308467,-0.08581952117863723,0.24364663549616528,0.1056848599099911,0.21403986042698286,0.18567535285112657,-0.0654501574791444,-0.2998593816056201,0.0579712826450387,-0.005607041533447276,3851,2011-07-18,0.647064420628756,0.647064420628756,0.0,0.0,-0.09458590371531383,-0.33279257165895626,-0.09458590371531383,0.0,0.0,1.0,0.0,0.0005857506954323188,-0.10021069746769207,1,1.0,fx_commodity,risk,0.008471473957327724,False,False,True,False,-0.33323619649329606,97
2026-05-29,168580.KS,US,QQQ,ACE 중국본토CSI300,China equity,China equity,0.04343220338983045,0.10705254284911492,0.13527773356855888,0.1056848599099911,0.21403986042698286,0.18567535285112657,-0.062252656520160654,-0.10698731757786795,-0.050397619282567696,-0.002132011304579192,3494,2012-11-29,0.7760462592442691,0.7786756980149204,0.21739130434782616,-0.04347826086956513,-0.10237405075505006,-0.23625190787423622,-0.13815475895917018,0.14624505928853762,0.32806324110671936,0.37944664031620556,-0.07114624505928846,-0.04298310454842402,-0.07359819630783226,253,253.00000000000009,overseas_equity_index,risk,0.27374516161980167,True,True,True,False,-0.41612787570510557,98
2026-05-29,423160.KS,US,QQQ,KODEX KOFR금리액티브(합성),Cash/short bonds,Cash/short bonds,0.0019613243506098055,0.006186359204415348,0.012511913273726583,0.1056848599099911,0.21403986042698286,0.18567535285112657,-0.1037235355593813,-0.20785350122256752,-0.1731634395774,-0.0037972651280009963,1059,2022-04-26,0.7284136674085573,0.7284136674085573,0.0,0.0,-0.1405222055400156,-0.3828299360802524,-0.1405222055400156,0.0,0.0,0.0,0.0,-0.045350551129269445,-0.1502480618889882,1,1.0,other,risk,-0.022012760279313662,False,False,True,False,-0.42772770249455927,99
2026-05-29,245360.KS,US,QQQ,TIGER 차이나HSCEI,China/HK growth,China/HK growth,-0.011481481481481537,0.02415103253893114,-0.05218086529362753,0.1056848599099911,0.21403986042698286,0.18567535285112657,-0.11716634139147264,-0.18988882788805173,-0.2378562181447541,-0.004484848512480408,2578,2016-06-16,0.7391503519877505,0.7411192284471468,0.2666666666666667,0.0,-0.03768454759462282,-0.15951763885164266,-0.08402866979098844,0.2,0.4666666666666668,0.3333333333333334,0.0,0.011142984619757712,-0.050233140168883805,15,14.999999999999991,overseas_equity_index,risk,-0.06155919184765754,True,True,True,False,-0.5638639556499551,100
2026-05-29,250730.KS,US,QQQ,RISE 차이나HSCEI(H),China/HK growth,China/HK growth,-0.02474022761009398,-0.0025303643724696734,-0.0800668851991565,0.1056848599099911,0.21403986042698286,0.18567535285112657,-0.13042508752008508,-0.21657022479945254,-0.2657422380502831,-0.0063909969381031485,2539,2016-08-10,0.7569924000152307,0.745172626917628,0.28571428571428575,0.0,-0.014267980475766998,-0.13207034302468443,-0.06908822702637918,0.21428571428571433,0.5,0.35714285714285715,0.0,0.026083427384366975,-0.03850942939947993,14,14.0,overseas_equity_index,risk,-0.15944179163325217,True,True,True,False,-0.6060672088133359,101
2026-05-29,132030.KS,US,QQQ,KODEX 골드선물(H),Gold,Gold,-0.01542317331791021,-0.1299829642248722,0.04422070938594347,0.1056848599099911,0.21403986042698286,0.18567535285112657,-0.12110803322790131,-0.3440228246518551,-0.1414546434651831,-0.006479496579525398,4057,2010-10-01,0.8411373265801216,0.8411373265801216,0.0,0.0,-0.10949179634438577,-0.3516712566445498,-0.10949179634438577,0.0,0.0,1.0,0.0,-0.014320141933639619,-0.1190893824532856,1,1.0,fx_commodity,risk,-0.2567052071483083,False,False,True,False,-0.620357270152815,102
2026-05-29,371160.KS,US,QQQ,TIGER 차이나항셍테크,China/HK growth,China/HK growth,0.02271293375394312,0.05324980621620834,-0.11771743915326593,0.1056848599099911,0.21403986042698286,0.18567535285112657,-0.08297192615604798,-0.16079005421077452,-0.3033927920043925,-0.0037634553115370537,1411,2020-12-16,0.6604033467797383,0.6192919869858384,0.2,0.1,-0.024746935491553414,-0.15297120398474692,-0.15837855168899234,0.2,0.30000000000000004,0.2,-0.09999999999999998,-0.06320689727824619,-0.1299952432229194,10,9.999999999999996,overseas_equity_index,risk,-0.024590688070450718,True,True,True,False,-0.6307969437521557,103
2026-05-29,371460.KS,US,QQQ,TIGER 차이나전기차SOLACTIVE,China/HK growth,China/HK growth,-0.05582356995175741,0.11156186612576069,0.08437968562821263,0.1056848599099911,0.21403986042698286,0.18567535285112657,-0.16150842986174851,-0.10247799430122218,-0.10129566722291394,-0.0075145561492918934,1417,2020-12-08,0.7357035848638223,0.7357035848638223,0.0,-0.5,-0.2626836390237196,-0.21421806021371792,-0.2626836390237196,0.0,0.5,0.5,0.0,-0.16751198461297345,0.018363813977546273,2,2.0,overseas_equity_index,risk,0.08404946823576406,True,True,True,False,-0.7156612276099579,104
2026-05-29,487240.KS,KR,069500.KS,KODEX AI전력핵심설비,Korea IT,Korea IT,-0.10602044680045442,0.5383371191569504,0.9312511637645013,0.34943196036234414,0.6203751827653721,1.2967996867380913,-0.45545240716279856,-0.0820380636084217,-0.36554852297359,-0.021872154184472088,488,2024-07-09,0.7064086307517903,0.6582765732393306,0.0,-1.0,-0.4331116068400336,-0.02499216819901491,-0.509468947678876,0.0,0.708717785555202,1.0,-0.29128221444479796,-0.16003698731653182,0.49478284940534556,10,5.823714197031027,domestic_equity_sector,risk,-0.5239328550574682,False,False,True,False,-0.7420490709389902,105
2026-05-29,372330.KS,US,QQQ,KODEX 차이나항셍테크,China/HK growth,China/HK growth,0.022123893805309658,0.05491991808896679,-0.11783509531043024,0.1056848599099911,0.21403986042698286,0.18567535285112657,-0.08356096610468144,-0.15911994233801607,-0.3035104481615568,-0.0037566351368834316,1411,2020-12-16,0.9254471223054451,0.9254471223054451,1.0,0.0,-0.11671011233765993,-0.1982246540906063,-0.11671011233765993,0.0,0.0,0.0,-1.0,-0.02153845792691378,0.03435722010065789,1,1.0,overseas_equity_index,risk,-0.022573782952278985,True,True,True,False,-0.7740689643514871,106
2026-05-29,099140.KS,US,QQQ,KODEX 차이나H,China/HK growth,China/HK growth,-0.008510638297872353,0.029085448787307566,-0.05401584136495263,0.1056848599099911,0.21403986042698286,0.18567535285112657,-0.11419549820786346,-0.1849544116396753,-0.2396911942160792,-0.004535840761323426,4250,2010-01-04,0.9254471223054451,0.9254471223054451,1.0,0.0,-0.11671011233765993,-0.1982246540906063,-0.11671011233765993,0.0,0.0,0.0,-1.0,-0.02153845792691378,0.03435722010065789,1,1.0,overseas_equity_index,risk,-0.05366797342595562,True,True,True,False,-0.8051631548251637,107
2026-05-29,271060.KS,US,QQQ,KODEX 3대농산물선물(H),Commodity/Oil,Commodity/Oil,-0.038795599305153416,0.021538461538461506,0.03750000000000009,0.1056848599099911,0.21403986042698286,0.18567535285112657,-0.14448045921514452,-0.19250139888852136,-0.14817535285112649,-0.005065694958700774,2320,2017-06-13,0.9377614810760997,0.9377614810760997,1.0,0.0,-0.14599214755479184,-0.2644393330468098,-0.14599214755479184,0.0,0.0,1.0,-1.0,-0.050820493144045686,-0.031857458855545584,1,1.0,fx_commodity,risk,-0.03415493003144485,False,True,True,False,-0.8417093410365413,108
2026-05-29,256440.KS,US,QQQ,ACE 인도네시아MSCI(합성),India/EM,India/EM,-0.09399075500770415,-0.245186136071887,-0.3464004326415079,0.1056848599099911,0.21403986042698286,0.18567535285112657,-0.19967561491769525,-0.45922599649886986,-0.5320757854926345,-0.011790555534210328,2480,2016-11-01,,,,,,,,,,,,,,0,,overseas_equity_index,risk,-0.8447204699858052,False,False,True,False,-0.8447204699858052,109
2026-05-29,310080.KS,US,QQQ,RISE 중국MSCI China(H),China/HK growth,China/HK growth,-0.03448275862068961,-0.029487842731505398,-0.134252699511474,0.1056848599099911,0.21403986042698286,0.18567535285112657,-0.14016761853068072,-0.24352770315848826,-0.3199280523626006,-0.0070316963492303595,1942,2018-11-28,0.7106878643614387,0.7148831863329175,0.20833333333333331,-0.020833333333333343,-0.09748721099790106,-0.26055436377288926,-0.15432781477450352,0.16666666666666666,0.29166666666666663,0.2708333333333333,0.0,-0.05915616036375737,-0.12293860972740966,48,47.999999999999986,overseas_equity_index,risk,-0.25509450529447486,True,True,True,False,-0.9599441531871427,110
2026-05-29,445290.KS,KR,069500.KS,KODEX 로봇액티브,Korea IT,Korea IT,0.25969265473001557,0.3358127535498585,0.7743746313826223,0.34943196036234414,0.6203751827653721,1.2967996867380913,-0.08973930563232857,-0.28456242921551356,-0.522425055355469,-0.0026586814477850104,914,2022-11-15,0.6457290528624345,0.7375079063883618,0.09683905560840592,-0.1455288419960218,-0.42142739432127085,-0.6747906434991299,-0.4625397827724921,0.09683905560840592,0.15115022053100352,0.32859119605638626,-0.289003718758108,-0.11310782241014794,-0.09236234458259329,31,9.185995076326634,domestic_equity_sector,risk,-0.35306343038369264,False,False,True,False,-1.08829564948568,111
2026-05-29,139290.KS,KR,069500.KS,TIGER 200 경기소비재,Korea cyclical,Korea cyclical,0.2843137254901962,0.2870507602647072,0.644465842634554,0.34943196036234414,0.6203751827653721,1.2967996867380913,-0.06511823487214796,-0.33332442250066485,-0.6523338441035373,0.00021407370202189543,3924,2011-04-06,0.8218278402439978,0.8436636728347933,0.30826309588544515,0.11609570418705847,-0.3092771198813353,-0.5111516906944539,-0.3186224263351909,0.05740212071778138,0.5277891063984048,0.6233913358709443,-0.047025104223309855,0.03080953402715325,0.15208675978271524,26,12.948825375523667,domestic_equity_sector,risk,-0.4550888516738665,True,True,True,False,-1.3256861557042654,112
2026-05-29,385540.KS,KR,069500.KS,RISE 종합채권(A-이상)액티브,Korea bonds,Korea bonds,-0.007527035396122095,-0.0192081352102067,-0.034828738115625923,0.34943196036234414,0.6203751827653721,1.2967996867380913,-0.35695899575846624,-0.6395833179755788,-1.3316284248537174,-0.011576856971933013,1298,2021-05-26,,,,,,,,,,,,,,0,,other,risk,-1.8040870257526296,False,False,True,False,-1.8040870257526296,113
2026-05-29,091180.KS,KR,069500.KS,KODEX 자동차,Korea cyclical,Korea cyclical,0.2784082076791543,0.27722772937946405,0.64197144762343,0.34943196036234414,0.6203751827653721,1.2967996867380913,-0.07102375268318983,-0.343147453385908,-0.6548282391146614,-0.0008410177593965749,4250,2010-01-04,0.7336949564804114,0.7745606077476548,0.1194718050845935,-0.15731022480578466,-0.4526411355816352,-0.6334671106217159,-0.40724167959950947,0.08886377092416167,0.16163410301953784,0.4542583920914292,-0.6918563970073743,-0.057809719237165325,-0.008029085277752757,20,9.118031617681073,domestic_equity_sector,risk,-0.49159917647028345,True,True,True,False,-1.8918684039952953,114
2026-05-29,139220.KS,KR,069500.KS,TIGER 200 건설,Korea cyclical,Korea cyclical,-0.06404437720625311,0.3583035271049071,0.9394260003400168,0.34943196036234414,0.6203751827653721,1.2967996867380913,-0.41347633756859725,-0.262071655660465,-0.35737368639807454,-0.017802892968744294,3924,2011-04-06,0.7572492536975536,0.7165058810205884,0.09382177308222323,-0.187413872301332,-0.44880168825440325,-0.3702819230585057,-0.5478550878262075,0.09382177308222323,0.2874942581534221,0.5349104271933851,-0.6186839687643546,-0.19842312746386337,0.525573192239859,9,3.7744312676263965,domestic_equity_sector,risk,-0.6941443352266905,True,True,True,False,-1.9088926420610883,115
2026-05-29,455850.KS,KR,069500.KS,SOL AI반도체소부장,Korea semiconductor,Korea semiconductor,-0.07371794871794868,0.044846015705454656,0.669701930987805,0.34943196036234414,0.6203751827653721,1.2967996867380913,-0.4231499090802928,-0.5755291670599174,-0.6270977557502864,-0.014773792029530395,799,2023-04-25,0.7713716771294103,0.7727827439763562,0.04069703319730887,-0.795411933384802,-0.4178888796067418,-0.520571692499526,-0.44614707681028964,0.11745891695158273,0.34564905701996257,0.899194882541083,-0.5068931289290834,-0.0967151164479455,-0.10608045881947725,18,9.015121540024923,domestic_equity_sector,risk,-1.317061040431482,False,False,True,False,-1.9405616680633728,116
2026-05-29,305720.KS,KR,069500.KS,KODEX 2차전지산업,Korea growth,Korea growth,-0.05431235431235426,0.21386769792063065,0.24628225894659295,0.34943196036234414,0.6203751827653721,1.2967996867380913,-0.4037443146746984,-0.4065074848447414,-1.0505174277914984,-0.02004676204496846,1997,2018-09-12,0.7089456060747203,0.7574890161097058,0.0265045779365788,-0.48407492184010714,-0.5063157572495651,-0.5853580286603312,-0.49757495703417737,0.0,0.3703243635551584,0.7876981911567664,-0.502568110763734,-0.14814299667183323,0.008003625952088755,24,12.629366152601525,domestic_equity_index,risk,-1.4190027198359139,False,False,True,False,-2.143532876975706,117
2026-05-29,305540.KS,KR,069500.KS,TIGER 2차전지테마,Korea growth,Korea growth,-0.0631086142322097,0.21563869798881186,0.252697185654694,0.34943196036234414,0.6203751827653721,1.2967996867380913,-0.41254057459455384,-0.4047364847765602,-1.0441025010833973,-0.020843822915004046,1997,2018-09-12,0.7199869210664659,0.7521881547169859,0.02771107794146277,-0.4589687844766045,-0.519363736707671,-0.5523641281100207,-0.5253760470133979,0.0,0.3657927185411122,0.7686579271854114,-0.5824355895904993,-0.17594408665105382,0.02383982427390957,28,16.983677557641354,domestic_equity_index,risk,-1.430686974796025,False,False,True,False,-2.1675629197583586,118
2026-05-29,462010.KS,KR,069500.KS,TIGER 2차전지소재Fn,Korea growth,Korea growth,-0.054474708171206254,0.09761778170919344,0.15859649057457692,0.34943196036234414,0.6203751827653721,1.2967996867380913,-0.4039066685335504,-0.5227574010561786,-1.1382031961635144,-0.020320295770581025,743,2023-07-14,0.7219286069377354,0.7521881547169859,0.0,-0.4021836496695792,-0.4890826775524713,-0.5272412108785328,-0.49757495703417737,0.0,0.5005661939932733,0.791167373704937,-0.4015075971402978,-0.14814299667183323,0.061929262641406524,18,10.770932810825741,domestic_equity_index,risk,-1.6584242980472221,False,False,True,False,-2.2699212937447104,119
2026-05-29,227570.KS,KR,069500.KS,TIGER 우량가치,Korea value,Korea value,-0.07421304982280597,0.18531517671673736,0.3671450288157885,0.34943196036234414,0.6203751827653721,1.2967996867380913,-0.4236450101851501,-0.4350600060486347,-0.9296546579223028,-0.014328892730112579,2767,2015-09-23,0.7786547690283445,0.7716142411053374,0.14815220967211307,-0.47505208904485174,-0.41185320058307534,-0.22436111898929934,-0.4415035716155411,0.04682530979274052,0.44215374492817205,0.6684943524509269,-0.2915889900208357,-0.09207161125319696,0.03868323760650361,48,29.265390373900527,domestic_equity_sector,risk,-1.3124456605551909,True,True,True,False,-2.281949591987445,120
2026-05-29,229200.KS,KR,069500.KS,KODEX 코스닥150,Korea growth,Korea growth,-0.05666079073281294,-0.041853180257804934,0.17590746860331263,0.34943196036234414,0.6203751827653721,1.2967996867380913,-0.4060927510951571,-0.662228363023177,-1.1208922181347787,-0.01459620069368685,2761,2015-10-01,0.6914488995273407,0.6578595317725753,0.05893405414605418,-0.3260901209988968,-0.4353220417384759,-0.6251226541173323,-0.4991645806831998,0.0378941757943982,0.2983027010321748,0.602828906262248,-0.41171201232607746,-0.14973262032085566,-0.13494830912438383,143,85.91958201224627,domestic_equity_index,risk,-1.775278351543314,False,False,True,False,-2.4623444345883296,121
2026-05-29,232080.KS,KR,069500.KS,TIGER 코스닥150,Korea growth,Korea growth,-0.059708857636318724,-0.04278502212713897,0.17270601562115928,0.34943196036234414,0.6203751827653721,1.2967996867380913,-0.40914081799866286,-0.663160204892511,-1.124093671116932,-0.01462397043698469,2731,2015-11-12,0.6913678786523068,0.6578595317725753,0.05875418800354093,-0.3247223871900322,-0.4352323569157555,-0.624589706601262,-0.4991645806831998,0.03769259213607794,0.29848167363266614,0.6014387683067588,-0.4102148067635564,-0.14973262032085566,-0.13494830912438383,143,86.0368125318252,domestic_equity_index,risk,-1.7818892843151897,False,False,True,False,-2.468357239653623,122
2026-05-29,161510.KS,KR,069500.KS,PLUS 고배당주,Korea value,Korea value,-0.021683926022983413,0.0212755191247449,0.2536559511703018,0.34943196036234414,0.6203751827653721,1.2967996867380913,-0.37111588638532755,-0.5990996636406272,-1.0431437355677895,-0.013340422163263975,3560,2012-08-29,0.8186294639553335,0.7806510848615189,0.2378277153558053,-0.08489388264669154,-0.36965064941319525,-0.5952762037817294,-0.44157855722098294,0.08333333333333336,0.3679775280898878,0.6641697877652935,-0.1742613399916768,-0.0921465968586388,-0.03673739387666741,29,23.509929636027003,domestic_equity_sector,risk,-1.5788497167705497,True,True,True,False,-2.6627352172649457,123
2026-05-29,174350.KS,KR,069500.KS,TIGER 로우볼,Korea defensive,Korea defensive,-0.028358567652006728,0.021534269446284338,0.15281355618068138,0.34943196036234414,0.6203751827653721,1.2967996867380913,-0.37779052801435087,-0.5988409133190877,-1.14398613055741,-0.011982237914289378,3351,2013-06-20,0.8213136815969235,0.790566634641124,0.19606003752345208,-0.16739628934750883,-0.36820799795883014,-0.5753648934395111,-0.42854998889671514,0.02324369397540134,0.38367729831144465,0.6010006253908691,-0.07035647279549717,-0.079118028534371,-0.00823399237740885,39,38.05839448653637,domestic_equity_sector,risk,-1.6352609346228444,False,True,True,False,-2.6972866431173506,124
2026-05-29,139250.KS,KR,069500.KS,TIGER 200 에너지화학,Korea cyclical,Korea cyclical,-0.018967587034813937,0.18828091212683473,0.4089089635141261,0.34943196036234414,0.6203751827653721,1.2967996867380913,-0.3683995473971581,-0.43209427063853734,-0.8878907232239652,-0.014565398476205789,3924,2011-04-06,0.7286472872327489,0.7401998462720983,0.014205134977079302,-0.6944481125846556,-0.5481159235593971,-0.550495985308886,-0.5341104829341635,0.0,0.20704031390895877,0.5935973136637174,-0.7732083231149429,-0.18467852257181938,-0.0008898605960074857,26,11.004228116607127,domestic_equity_sector,risk,-1.2354045199557293,True,True,True,False,-2.7106126659449896,125
2026-05-29,139270.KS,KR,069500.KS,TIGER 200 금융,Korea value,Korea value,-0.006306306306306353,0.03929118001625853,0.31872217032218164,0.34943196036234414,0.6203751827653721,1.2967996867380913,-0.3557382666686505,-0.5810840027491135,-0.9780775164159097,-0.012351533786036374,3924,2011-04-06,0.7734437711747648,0.7622847227053715,0.07885935138617042,-0.2839977206847858,-0.384570525588611,-0.6347443268382565,-0.4295140958859581,0.02140574288333375,0.20280950375343762,0.715630651834601,-0.3102841711468425,-0.08008213552361398,-0.02510863528260121,21,7.432234051802816,domestic_equity_sector,risk,-1.4792343574588505,True,True,True,False,-2.7474065574084148,126
2026-05-29,315270.KS,KR,069500.KS,TIGER 200커뮤니케이션서비스,Korea cyclical,Korea cyclical,-0.024455313472654505,0.004929965293072991,0.02308714885934049,0.34943196036234414,0.6203751827653721,1.2967996867380913,-0.37388727383499865,-0.6154452174722991,-1.2737125378787508,-0.013816123577892105,1910,2019-01-15,0.7549157116522492,0.726161329666001,0.2881990578572292,0.0,-0.405867340495907,-0.6383935845436352,-0.42873370599825433,0.0,0.4848411643918348,0.3580142529290977,0.136127551636671,-0.07930174563591019,-0.0861386138613861,9,6.3238630476639806,domestic_equity_sector,risk,-1.7737299079777993,True,True,True,False,-2.7852799788251907,127
2026-05-29,139230.KS,KR,069500.KS,TIGER 200 중공업,Korea cyclical,Korea cyclical,-0.10894552723638184,0.12138364779874222,0.2631951824300389,0.34943196036234414,0.6203751827653721,1.2967996867380913,-0.458377487598726,-0.49899153496662985,-1.0336045043080524,-0.019990712677658173,3924,2011-04-06,0.7296859917661782,0.8009128450336883,0.04321406539173343,-0.93568784700802,-0.5397860773129769,-0.5714560217279991,-0.4854443251227769,0.0,0.3593152375077112,0.5016347933374459,-0.6406847624922888,-0.13601236476043277,0.08884920311012245,17,5.62131721862864,domestic_equity_sector,risk,-1.5910852186424553,True,True,True,False,-2.9629592629652377,128
2026-05-29,227550.KS,KR,069500.KS,TIGER 200 산업재,Korea cyclical,Korea cyclical,-0.0847404627892433,0.064753239253454,0.3738116962067508,0.34943196036234414,0.6203751827653721,1.2967996867380913,-0.43417242315158744,-0.5556219435119181,-0.9229879905313405,-0.018555207102032355,2767,2015-09-23,0.7298777093340025,0.7593652859105038,0.008767809613276905,-0.46903308058780113,-0.49549057127470225,-0.7241869317201246,-0.4925036350968463,0.0,0.2588516853429955,0.33984208995951565,-0.3314545169876313,-0.14307167473450216,-0.05589250707051874,18,6.856659049840012,domestic_equity_sector,risk,-1.5575215872447576,True,True,True,False,-2.964955848216723,129
2026-05-29,434730.KS,KR,069500.KS,HANARO 원자력iSelect,Korea cyclical,Korea cyclical,-0.14914285714285713,0.17617553373210604,0.47056690341781504,0.34943196036234414,0.6203751827653721,1.2967996867380913,-0.4985748175052013,-0.44419964903326603,-0.8262327833202763,-0.02314596920943272,1014,2022-06-28,0.7030970823837189,0.6973370209567186,0.0,-0.8032967032967032,-0.5586295642270573,-0.6267424616038689,-0.5602804412337924,0.0,0.08606593406593406,0.33032967032967014,-0.7629450549450547,-0.21084848087144825,-0.06681987364472147,14,5.4204477622632155,domestic_equity_sector,risk,-1.4430676478355464,True,True,True,False,-3.0231041533490077,130
2026-05-29,227560.KS,KR,069500.KS,TIGER 200 생활소비재,Korea defensive,Korea defensive,-0.08160343593414454,0.028414487221727347,0.044875687826336774,0.34943196036234414,0.6203751827653721,1.2967996867380913,-0.4310353962964887,-0.5919606955436447,-1.2519239989117545,-0.015691036582658625,2767,2015-09-23,0.758427473796505,0.7639902355056725,0.0056635960423063545,-0.22755032412146028,-0.4411771110101978,-0.6547941622778831,-0.43278578791374617,0.0,0.1515864892528147,0.15841009894234045,-0.11388604571818461,-0.08335382755140203,-0.026713606923412014,26,10.471379245902208,domestic_equity_sector,risk,-1.798465818371656,False,True,True,False,-3.142250136091196,131
2026-05-29,466940.KS,KR,069500.KS,TIGER 은행고배당플러스TOP10,Korea value,Korea value,-0.07288877433643104,-0.039212608417787176,0.15243220954283765,0.34943196036234414,0.6203751827653721,1.2967996867380913,-0.4223207346987752,-0.6595877911831592,-1.1443674771952537,-0.014467647922105276,676,2023-10-17,0.828977789245486,0.8221033422354445,0.19008348605172065,-0.31857055589492966,-0.4197588065735404,-0.6358177320054156,-0.44150843006403795,0.0,0.032070861331704316,0.8176542455711668,-0.5462227652209325,-0.09207646970169381,0.022112827272984803,10,7.78262186282398,domestic_equity_sector,risk,-1.7996466970214255,True,True,True,False,-3.187051017383974,132
2026-05-29,091170.KS,KR,069500.KS,KODEX 은행,Korea value,Korea value,-0.08007771895498417,-0.0296760607956581,0.16194627815255402,0.34943196036234414,0.6203751827653721,1.2967996867380913,-0.4295096793173283,-0.6500512435610302,-1.1348534085855373,-0.014915948065374062,4250,2010-01-04,0.8028152361933315,0.754822890450344,0.1892062347959277,-0.40436075322101106,-0.44400343145499754,-0.6607651088072342,-0.44254041944673905,0.0,0.0,0.7712406523110193,-0.5935669880169387,-0.09310845908439491,-0.07468168409202386,10,6.651076536365906,domestic_equity_sector,risk,-1.7911981967965298,True,True,True,False,-3.2354507811983897,133
2026-05-29,466920.KS,KR,069500.KS,SOL 조선TOP3플러스,Korea cyclical,Korea cyclical,-0.09287776708373441,0.07571489364453043,0.11479132603822961,0.34943196036234414,0.6203751827653721,1.2967996867380913,-0.44230972744607855,-0.5446602891208416,-1.1820083606998617,-0.0161846628878859,684,2023-10-05,0.6736158797360665,0.6376811594202898,0.07715879853140996,-0.4800092509612326,-0.5974654241417343,-0.6366618703825988,-0.6229112790971373,0.0,0.1393426035674019,0.39620132404382646,-0.6727472463935705,-0.27347931873479314,-0.026835043409629056,13,7.755785608244818,domestic_equity_sector,risk,-1.6953349146836618,True,True,True,False,-3.2497221906843787,134
2026-05-29,494670.KS,KR,069500.KS,TIGER 조선TOP10,Korea cyclical,Korea cyclical,-0.08762254901960786,0.06021764717621414,0.10081508353239887,0.34943196036234414,0.6203751827653721,1.2967996867380913,-0.437054509381952,-0.5601575355891579,-1.1959846032056924,-0.01606850255159832,413,2024-10-22,0.6883172724586626,0.6774997975872399,0.09327556839220912,-0.44156854032437237,-0.5630902600631029,-0.6656281855630132,-0.5886793335921294,0.0,0.1878101162704583,0.25668369991853657,-0.8044138339628232,-0.2392473732297853,-0.056605927501915954,10,5.916410182418821,domestic_equity_sector,risk,-1.7222064180857992,True,True,True,False,-3.251630730730819,135
2026-05-29,139240.KS,KR,069500.KS,TIGER 200 철강소재,Korea cyclical,Korea cyclical,-0.14443721535458687,-0.07397174697812936,0.07109111123077883,0.34943196036234414,0.6203751827653721,1.2967996867380913,-0.493869175716931,-0.6943469297435014,-1.2257085755073125,-0.020865474908408625,3924,2011-04-06,0.7035759347730612,0.6285385726318466,0.0,-0.506340579710145,-0.48781270655824405,-0.6712251148618454,-0.5666015638270998,0.0,0.4492753623188407,0.7660024154589373,-0.15700483091787432,-0.21716960346475572,-0.10836316094700349,10,5.513474390214478,domestic_equity_sector,risk,-2.060465643729608,True,True,True,False,-3.3188138036300874,136
2026-05-29,227540.KS,KR,069500.KS,TIGER 200 헬스케어,Korea defensive,Korea defensive,-0.03591226801638947,-0.10317530242873085,-0.10056476451924745,0.34943196036234414,0.6203751827653721,1.2967996867380913,-0.3853442283787336,-0.7235504851941029,-1.3973644512573387,-0.012819412111589566,2767,2015-09-23,0.7212450624333684,0.6870855613841222,0.0,0.0,-0.41095112324515537,-0.6632502636054863,-0.42258264420647684,0.0,0.04819793493083952,0.04819793493083952,-0.26740697447886264,-0.0731506838441327,-0.08233260032985157,14,4.327742138108951,domestic_equity_sector,risk,-2.0175440980279316,False,True,True,False,-3.415113527011188,137
2026-05-29,463250.KS,KR,069500.KS,TIGER K방산&우주,Korea cyclical,Korea cyclical,-0.14872856298048487,-0.12289273014013746,0.5177328020594916,0.34943196036234414,0.6203751827653721,1.2967996867380913,-0.498160523342829,-0.7432679129055095,-0.7790668846785997,-0.01956185641676312,735,2023-07-26,0.6893327573637882,0.7181176470588235,0.0,-0.2851025056947607,-0.5250611265253731,-0.7874619175509112,-0.521626738061709,0.0,0.0,0.4628701594533029,-0.7042369020501139,-0.17219477769936486,-0.20796758946657667,11,6.037523023419449,domestic_equity_sector,risk,-1.8063301742964586,True,True,True,False,-3.459170470844425,138
2026-05-29,449450.KS,KR,069500.KS,PLUS K방산,Korea cyclical,Korea cyclical,-0.14199357723065298,-0.10739191073919108,0.3371618537867156,0.34943196036234414,0.6203751827653721,1.2967996867380913,-0.4914255375929971,-0.7277670935045631,-0.9596378329513757,-0.018885878972898104,877,2023-01-05,0.6355275206163005,0.6965418034128963,0.0,-0.2835773223316476,-0.5643752066154264,-0.801234017065416,-0.5312954782442847,0.0,0.0,0.34474314612722917,-0.6509449028480171,-0.1818635178819405,-0.11982449566670794,10,6.1968559435268045,domestic_equity_sector,risk,-1.8940738359677285,True,True,True,False,-3.5798753297506987,139
