pdf_color_group,sub_asset,screen_rank,etf_ticker,name,current_v31_score,ETF_RS_20D,ETF_RS_60D,MA60_breadth,HP90_share
국내주식_섹터,domestic_equity_sector,1,363580.KS,KODEX 200IT TR,3.804125817835271,0.3062139095849319,0.6861282602338628,0.8104789577279969,0.8029337332458524
국내주식_섹터,domestic_equity_sector,2,139260.KS,TIGER 200 IT,3.7301885919866287,0.2908909722145705,0.6623711059234176,0.810403865096862,0.8028519161311507
해외주식_섹터,overseas_equity_sector,3,446770.KS,ACE 글로벌반도체TOP4 Plus,3.502881486475772,0.229909338805645,0.3661011349842138,1.0,0.9969045533276534
해외주식_섹터,overseas_equity_sector,4,456600.KS,TIME 글로벌AI인공지능액티브,3.3733454264871,0.163052541592666,0.4793684800401812,0.9400127735349671,0.913045917658112
해외주식_지수,overseas_equity_index,5,381180.KS,TIGER 미국필라델피아반도체나스닥,2.897728403022019,0.1727706802736335,0.4644426114336155,1.0,0.5571372245969085
해외주식_섹터,overseas_equity_sector,6,390390.KS,KODEX 미국반도체,2.5933641655155557,0.1297848853129388,0.3452239945460291,1.0,0.5720898410803008
국내주식_섹터,domestic_equity_sector,7,395270.KS,HANARO Fn K-반도체,2.321878203843094,0.2943024163358407,0.5734684803526464,0.3766348861476007,0.1062908274846695
해외주식_섹터,overseas_equity_sector,8,287180.KS,PLUS 미국나스닥테크,2.103726021536467,0.112016055654607,0.2201971756628715,0.9795999094313642,0.5872033330591101
해외주식_섹터,overseas_equity_sector,9,497570.KS,TIGER 미국필라델피아AI반도체나스닥,2.0166978463223213,0.1083181089173221,0.2435915535053794,1.0,0.4718325870956939
해외주식_섹터,overseas_equity_sector,10,463680.KS,KODEX 미국S&P500테크놀로지,1.8370531427836587,0.0952520237192002,0.1695584476227407,0.9777090118077434,0.4373348414820002
국내주식_섹터,domestic_equity_sector,11,395160.KS,KODEX AI반도체,1.7224635451779455,0.263829365770269,0.2930968775888889,0.6218432937078516,0.2364972964215558
국내주식_섹터,domestic_equity_sector,12,315930.KS,KODEX Top5PlusTR,1.5306779133805462,0.0643052710571698,0.029682373557601,0.8502740150966809,0.8230793092751526
해외주식_지수,overseas_equity_index,13,133690.KS,TIGER 미국나스닥100,1.3645920059875576,0.0289013527985879,0.0308016651118361,0.8631518539462216,0.4695677439056407
해외주식_지수,overseas_equity_index,14,379810.KS,KODEX 미국나스닥100,1.276807925121244,0.0296125692512023,0.0319484682471682,0.8563442208464426,0.3832299104352685
해외주식_지수,overseas_equity_index,15,367380.KS,ACE 미국나스닥100,1.2690334418663118,0.0285849865454155,0.0304732357535579,0.8612242690467274,0.3743270524805948
해외주식_지수,overseas_equity_index,16,448300.KS,TIGER 미국나스닥100TR(H),1.2295916153980837,0.0097269880956731,-0.0086308553285918,0.8631518539462216,0.4695677439056407
해외주식_지수,overseas_equity_index,17,304940.KS,KODEX 미국나스닥100선물(H),1.220432794574113,0.0088100643702551,-0.0101930151995874,1.0,1.0
해외주식_지수,overseas_equity_index,18,241180.KS,TIGER 일본니케이225,1.1538950303272162,0.0461889073483916,0.0134459924428635,0.7203361890835128,0.4652265429573402
해외주식_섹터,overseas_equity_sector,19,494410.KS,PLUS 미국S&P500성장주,1.1488022977096797,0.0043151400900089,-0.0081552073388857,0.8406384085921417,0.4451558885643449
해외주식_지수,overseas_equity_index,20,238720.KS,ACE 일본Nikkei225(H),1.1471479254006682,0.0208338316787939,0.0065930509654221,0.7496005752472534,0.4779705531929762
해외주식_섹터,overseas_equity_sector,21,465580.KS,ACE 미국빅테크TOP7 Plus,1.1233983097626263,-0.0235907470560494,0.0023558345581327,0.9584044090141736,0.2667793781776014
해외주식_섹터,overseas_equity_sector,22,487230.KS,KODEX 미국AI전력핵심인프라,1.0497279894679583,-0.0568697900294967,0.0734494834863701,1.0,0.2149869091172837
해외주식_지수,overseas_equity_index,23,280930.KS,KODEX 미국러셀2000(H),0.9074588786092002,-0.0333608483381493,-0.1053658823611802,1.0,1.0
국내주식_섹터,domestic_equity_sector,24,102780.KS,KODEX 삼성그룹,0.8973830686199358,0.0932993171706955,0.1785419695256027,0.529694538021878,0.310874749233506
해외주식_섹터,overseas_equity_sector,25,185680.KS,KODEX 미국S&P바이오(합성),0.8709328369292297,-0.0352484739235128,-0.1112029809943586,1.0,1.0
해외주식_지수,overseas_equity_index,26,219480.KS,KODEX 미국S&P500선물(H),0.8606201523733881,-0.0419689066025981,-0.1132009342524862,1.0,1.0
해외주식_지수,overseas_equity_index,27,143850.KS,TIGER 미국S&P500선물(H),0.8494602085910775,-0.0437281881837594,-0.1161013484075805,1.0,1.0
해외주식_지수,overseas_equity_index,28,379780.KS,RISE 미국S&P500,0.84327916333896,-0.0218223681210705,-0.0739457594782719,0.7248269327252492,0.4415863696349386
해외주식_섹터,overseas_equity_sector,29,457480.KS,ACE 테슬라밸류체인액티브,0.8414785454790534,-0.0041086777733887,-0.0269674376857702,0.9991569372159174,0.1351694776078038
해외주식_섹터,overseas_equity_sector,30,381170.KS,TIGER 미국테크TOP10 INDXX,0.8367978487632622,-0.0264297044775503,-0.0123606280760575,0.9553733663167276,0.2133500853434471
해외주식_지수,overseas_equity_index,31,360750.KS,TIGER 미국S&P500,0.8349627748067534,-0.0238805785644253,-0.0764030477760495,0.7251415055031618,0.4417781446261268
해외주식_지수,overseas_equity_index,32,379800.KS,KODEX 미국S&P500,0.7721424224127518,-0.024830230668265,-0.0761176125894882,0.7179516769652068,0.3882691133236239
해외주식_지수,overseas_equity_index,33,360200.KS,ACE 미국S&P500,0.7710093973951283,-0.0232184328246876,-0.075863620421551,0.7100150784861907,0.383674685354742
해외주식_지수,overseas_equity_index,35,448290.KS,TIGER 미국S&P500TR(H),0.7155681970996154,-0.0401259475232842,-0.1109352161725862,0.7248269327252492,0.4415863696349386
해외주식_지수,overseas_equity_index,36,251350.KS,KODEX 선진국MSCI World,0.6943887970478275,-0.0301332950049115,-0.0898634478535691,0.671692474929629,0.4641192140724885
해외주식_지수,overseas_equity_index,37,488500.KS,TIGER 미국S&P500동일가중,0.6665012557355157,-0.0483012323016442,-0.1559996346335193,0.7248269327252492,0.4415863696349386
해외주식_지수,overseas_equity_index,38,499150.KS,SOL 미국S&P500엔화노출(H),0.6578432404661689,-0.0254169352870994,-0.103017155347092,0.7343525867401435,0.3721650996141984
해외주식_지수,overseas_equity_index,39,449180.KS,KODEX 미국S&P500(H),0.6517574592068873,-0.0408352358498407,-0.1104538756280761,0.7180325979863738,0.3882691133236243
해외주식_지수,overseas_equity_index,40,101280.KS,KODEX 일본TOPIX100,0.6382495752420199,-0.0112538671739135,-0.1125994062220421,0.6763499706063113,0.478858230507899
해외주식_지수,overseas_equity_index,42,245340.KS,TIGER 미국다우존스30,0.5401874396087074,-0.0457877326987443,-0.1418970165203614,0.8337628848493948,0.2925979505174245
해외주식_섹터,overseas_equity_sector,43,458730.KS,TIGER 미국배당다우존스,0.4978871357107397,-0.0518320024569121,-0.1436396650866962,0.5021702394030212,0.4949475544087158
해외주식_지수,overseas_equity_index,44,379790.KS,RISE 유로스탁스50(H),0.4962127690378851,-0.0362892730855588,-0.150764820681355,0.7,0.6
해외주식_섹터,overseas_equity_sector,45,402970.KS,ACE 미국배당다우존스,0.492488925627676,-0.04918345972914,-0.1410271761099979,0.4912607350523719,0.4795068528534485
해외주식_섹터,overseas_equity_sector,47,493420.KS,SOL 미국배당다우존스TR,0.4748415452982645,-0.0512349382965147,-0.1429375257554381,0.4523918462261973,0.5042137167308851
해외주식_섹터,overseas_equity_sector,48,446720.KS,SOL 미국배당다우존스,0.474730004660734,-0.0504228143779506,-0.1435497128318332,0.4523918462261973,0.5042137167308851
국내주식_섹터,domestic_equity_sector,49,147970.KS,TIGER 모멘텀,0.4466267756731591,-0.1714211956168856,-0.0240878367030095,0.6434310532030402,0.5067318132464713
해외주식_섹터,overseas_equity_sector,50,453660.KS,KODEX 미국S&P500경기소비재,0.3999484494228409,-0.042629079796814,-0.131244483150118,0.7524111905907995,0.1367876115443174
국내주식_지수,domestic_equity_index,51,156080.KS,KODEX MSCI Korea,0.3941786667655721,0.0270906223691422,0.0111172850965539,0.5043210866111894,0.2830542479754772
국내주식_지수,domestic_equity_index,52,278540.KS,KODEX MSCI Korea TR,0.3924449402164995,0.0202328921154559,0.0118146107147441,0.5060407586861776,0.2842394877163934
해외주식_지수,overseas_equity_index,53,411860.KS,KIWOOM 독일DAX,0.3799850328981387,-0.0363290850986155,-0.1695447403326311,0.6666666666666666,0.3333333333333333
해외주식_섹터,overseas_equity_sector,54,452360.KS,SOL 미국배당다우존스(H),0.3626374096979693,-0.0665047967174656,-0.1732947965828952,0.4523918462261973,0.5042137167308851
해외주식_섹터,overseas_equity_sector,55,245350.KS,TIGER 유로스탁스배당30,0.3554530938965985,-0.0713976724905531,-0.1208987389896467,0.5,0.0
국내주식_섹터,domestic_equity_sector,56,091160.KS,KODEX 반도체,0.3376119995557399,-0.0496338174475279,-0.0184710682647528,0.380478868438991,0.0911128152692569
해외주식_섹터,overseas_equity_sector,57,182480.KS,TIGER 미국MSCI리츠(합성 H),0.3370386262337981,-0.0894468236305126,-0.1922455319562037,0.6557903468483792,0.7644162164485538
해외주식_섹터,overseas_equity_sector,58,352560.KS,KODEX 미국부동산리츠(H),0.2967527397413856,-0.0962971048079504,-0.2047032802344608,0.7328523637797519,0.7374352969532332
국내주식_지수,domestic_equity_index,59,295040.KS,SOL 200TR,0.2902881544368502,8.778350104976518e-05,0.0023389654540697,0.5142135117840382,0.2287032317075383
국내주식_지수,domestic_equity_index,60,148020.KS,RISE 200,0.2740859269173931,0.0030831701069484,0.0078176534123364,0.4963546111776626,0.2182334503174651
국내주식_지수,domestic_equity_index,61,102110.KS,TIGER 200,0.2541168429125159,0.0005730411381059,0.0012217281531903,0.4948499724277826,0.2177125470945053
국내주식_지수,domestic_equity_index,62,069500.KS,KODEX 200,0.2518535647384305,0.0,0.0,0.4969432882414152,0.2189317194099283
국내주식_지수,domestic_equity_index,63,152100.KS,PLUS 200,0.2507299595481922,-0.0013064068840404,0.0025709490912275,0.4952046819463179,0.2172524206397847
국내주식_지수,domestic_equity_index,64,361580.KS,RISE 200TR,0.246020449956882,-0.0036194988103623,-0.0003603726521805,0.4967264893706756,0.2177881187663399
국내주식_지수,domestic_equity_index,65,294400.KS,KIWOOM 200TR,0.2456313599924068,-0.0032678433211814,0.0003018024915975,0.4972919497576813,0.2179412659124419
해외주식_섹터,overseas_equity_sector,66,453640.KS,KODEX 미국S&P500헬스케어,0.2371452939915927,-0.0302131617967835,-0.2215702147945997,0.5113423083505471,0.5038422276984036
국내주식_지수,domestic_equity_index,67,278530.KS,KODEX 200TR,0.2153647401990088,-0.0079415691000739,-0.0115209297393399,0.495026530268974,0.2164587060568533
해외주식_지수,overseas_equity_index,68,291130.KS,ACE 멕시코MSCI(합성),0.1848143399319043,-0.0565301134860638,-0.1804759352412284,,
해외주식_섹터,overseas_equity_sector,69,453650.KS,KODEX 미국S&P500금융,0.1792078593894831,-0.102484859909991,-0.1890244357899448,0.6469648729478807,0.4385437412198751
해외주식_지수,overseas_equity_index,70,105010.KS,TIGER 라틴35,0.1691925605039299,-0.1197495575189925,-0.1702009651316625,,
해외주식_섹터,overseas_equity_sector,71,218420.KS,KODEX 미국S&P500에너지(합성),0.1672590346891658,-0.1434392114667452,-0.1927023636796501,,
해외주식_지수,overseas_equity_index,74,283580.KS,KODEX 차이나CSI300,0.1180349540260901,-0.062452898073378,-0.1102257396570176,1.0,
해외주식_섹터,overseas_equity_sector,75,453630.KS,KODEX 미국S&P500필수소비재,0.0996429112603923,-0.0731393349196771,-0.219430438228812,0.4118662174119081,0.3880567834070484
국내주식_섹터,domestic_equity_sector,76,325010.KS,KODEX 성장주,0.093010064258496,-0.0133119701976034,0.0291191326555471,0.4670010402474186,0.1118458612513093
해외주식_지수,overseas_equity_index,77,245710.KS,ACE 베트남VN30(합성),0.0557231182888871,-0.0938290268401207,-0.1759276320779721,,
해외주식_섹터,overseas_equity_sector,79,460660.KS,RISE 미국S&P배당킹,-0.0081894725836315,-0.0818579191382935,-0.2231549368124343,0.3478194819959375,0.3611746682130917
해외주식_섹터,overseas_equity_sector,84,429000.KS,TIGER 미국S&P500배당귀족,-0.0623074340100579,-0.0800074437391427,-0.2229422076146432,0.2806150493724638,0.3426762607298952
해외주식_섹터,overseas_equity_sector,87,463690.KS,KODEX 미국S&P500커뮤니케이션,-0.1078677239330223,-0.0762656359688296,-0.1856567543082703,0.1697067331907731,0.3225487398127309
해외주식_지수,overseas_equity_index,88,261920.KS,ACE 필리핀MSCI(합성),-0.1940631583843792,-0.1045120686668323,-0.3090928639605518,,
국내주식_지수,domestic_equity_index,89,302450.KS,RISE 코스피,-0.1952260774166101,-0.0670177626504051,-0.1021182382403798,0.4581102503514523,0.2158763442470741
국내주식_지수,domestic_equity_index,90,277630.KS,TIGER 코스피,-0.2048055949381917,-0.0680296765598857,-0.1081551644304661,0.458239352527535,0.2155866171183153
국내주식_지수,domestic_equity_index,91,328370.KS,PLUS 코스피TR,-0.206444072447128,-0.0743210285349944,-0.1021235016894834,0.4488173457883285,0.2407333876282893
국내주식_지수,domestic_equity_index,92,226490.KS,KODEX 코스피,-0.2100352763736249,-0.068131267249234,-0.1101279700356163,0.455851274600449,0.217846577516956
해외주식_지수,overseas_equity_index,93,453870.KS,TIGER 인도니프티50,-0.2419546075627114,-0.0988189471474709,-0.2606425811604472,0.4,0.0
해외주식_지수,overseas_equity_index,94,453810.KS,KODEX 인도Nifty50,-0.2530177965114293,-0.0993078172635184,-0.2638433715823469,0.4,0.0
해외주식_지수,overseas_equity_index,95,192090.KS,TIGER 차이나CSI300,-0.2951644717347297,-0.0576499254121745,-0.1003507652993727,0.4285714285714286,0.2
해외주식_섹터,overseas_equity_sector,96,463640.KS,KODEX 미국S&P500유틸리티,-0.318687173053916,-0.1203813455329942,-0.2434183769142484,0.0423299307411899,0.5618286045279051
FX 및 원자재,fx_commodity,97,144600.KS,KODEX 은선물(H),-0.333236196493296,-0.0654501574791444,-0.2998593816056201,0.0,0.0
해외주식_지수,overseas_equity_index,98,168580.KS,ACE 중국본토CSI300,-0.4161278757051055,-0.0622526565201606,-0.1069873175778679,0.3280632411067193,0.2173913043478261
해외주식_지수,overseas_equity_index,100,245360.KS,TIGER 차이나HSCEI,-0.5638639556499551,-0.1171663413914726,-0.1898888278880517,0.4666666666666668,0.2666666666666667
해외주식_지수,overseas_equity_index,101,250730.KS,RISE 차이나HSCEI(H),-0.6060672088133359,-0.130425087520085,-0.2165702247994525,0.5,0.2857142857142857
FX 및 원자재,fx_commodity,102,132030.KS,KODEX 골드선물(H),-0.620357270152815,-0.1211080332279013,-0.3440228246518551,0.0,0.0
해외주식_지수,overseas_equity_index,103,371160.KS,TIGER 차이나항셍테크,-0.6307969437521557,-0.0829719261560479,-0.1607900542107745,0.3,0.2
해외주식_섹터,overseas_equity_sector,104,371460.KS,TIGER 차이나전기차SOLACTIVE,-0.7156612276099579,-0.1615084298617485,-0.1024779943012221,0.5,0.0
국내주식_섹터,domestic_equity_sector,105,487240.KS,KODEX AI전력핵심설비,-0.7420490709389902,-0.4554524071627985,-0.0820380636084217,0.708717785555202,0.0
해외주식_지수,overseas_equity_index,106,372330.KS,KODEX 차이나항셍테크,-0.7740689643514871,-0.0835609661046814,-0.159119942338016,0.0,1.0
해외주식_지수,overseas_equity_index,107,099140.KS,KODEX 차이나H,-0.8051631548251637,-0.1141954982078634,-0.1849544116396753,0.0,1.0
FX 및 원자재,fx_commodity,108,271060.KS,KODEX 3대농산물선물(H),-0.8417093410365415,-0.1444804592151445,-0.1925013988885213,0.0,1.0
해외주식_지수,overseas_equity_index,109,256440.KS,ACE 인도네시아MSCI(합성),-0.8447204699858052,-0.1996756149176952,-0.4592259964988698,,
해외주식_지수,overseas_equity_index,110,310080.KS,RISE 중국MSCI China(H),-0.9599441531871428,-0.1401676185306807,-0.2435277031584882,0.2916666666666666,0.2083333333333333
국내주식_섹터,domestic_equity_sector,111,445290.KS,KODEX 로봇액티브,-1.08829564948568,-0.0897393056323285,-0.2845624292155135,0.1511502205310035,0.0968390556084059
국내주식_섹터,domestic_equity_sector,112,139290.KS,TIGER 200 경기소비재,-1.3256861557042654,-0.0651182348721479,-0.3333244225006648,0.5277891063984048,0.3082630958854451
국내주식_섹터,domestic_equity_sector,114,091180.KS,KODEX 자동차,-1.8918684039952955,-0.0710237526831898,-0.343147453385908,0.1616341030195378,0.1194718050845935
국내주식_섹터,domestic_equity_sector,115,139220.KS,TIGER 200 건설,-1.9088926420610883,-0.4134763375685972,-0.262071655660465,0.2874942581534221,0.0938217730822232
국내주식_섹터,domestic_equity_sector,116,455850.KS,SOL AI반도체소부장,-1.9405616680633728,-0.4231499090802928,-0.5755291670599174,0.3456490570199625,0.0406970331973088
국내주식_섹터,domestic_equity_sector,117,305720.KS,KODEX 2차전지산업,-2.143532876975706,-0.4037443146746984,-0.4065074848447414,0.3703243635551584,0.0265045779365788
국내주식_섹터,domestic_equity_sector,118,305540.KS,TIGER 2차전지테마,-2.1675629197583586,-0.4125405745945538,-0.4047364847765602,0.3657927185411122,0.0277110779414627
국내주식_섹터,domestic_equity_sector,119,462010.KS,TIGER 2차전지소재Fn,-2.2699212937447104,-0.4039066685335504,-0.5227574010561786,0.5005661939932733,0.0
국내주식_섹터,domestic_equity_sector,120,227570.KS,TIGER 우량가치,-2.281949591987445,-0.4236450101851501,-0.4350600060486347,0.442153744928172,0.148152209672113
국내주식_지수,domestic_equity_index,121,229200.KS,KODEX 코스닥150,-2.4623444345883296,-0.4060927510951571,-0.662228363023177,0.2983027010321748,0.0589340541460541
국내주식_지수,domestic_equity_index,122,232080.KS,TIGER 코스닥150,-2.468357239653623,-0.4091408179986628,-0.663160204892511,0.2984816736326661,0.0587541880035409
국내주식_섹터,domestic_equity_sector,123,161510.KS,PLUS 고배당주,-2.6627352172649457,-0.3711158863853275,-0.5990996636406272,0.3679775280898878,0.2378277153558053
국내주식_섹터,domestic_equity_sector,124,174350.KS,TIGER 로우볼,-2.6972866431173506,-0.3777905280143508,-0.5988409133190877,0.3836772983114446,0.196060037523452
국내주식_섹터,domestic_equity_sector,125,139250.KS,TIGER 200 에너지화학,-2.7106126659449896,-0.3683995473971581,-0.4320942706385373,0.2070403139089587,0.0142051349770793
국내주식_섹터,domestic_equity_sector,126,139270.KS,TIGER 200 금융,-2.7474065574084148,-0.3557382666686505,-0.5810840027491135,0.2028095037534376,0.0788593513861704
국내주식_섹터,domestic_equity_sector,127,315270.KS,TIGER 200커뮤니케이션서비스,-2.7852799788251907,-0.3738872738349986,-0.6154452174722991,0.4848411643918348,0.2881990578572292
국내주식_섹터,domestic_equity_sector,128,139230.KS,TIGER 200 중공업,-2.9629592629652377,-0.458377487598726,-0.4989915349666298,0.3593152375077112,0.0432140653917334
국내주식_섹터,domestic_equity_sector,129,227550.KS,TIGER 200 산업재,-2.964955848216723,-0.4341724231515874,-0.5556219435119181,0.2588516853429955,0.0087678096132769
국내주식_섹터,domestic_equity_sector,130,434730.KS,HANARO 원자력iSelect,-3.023104153349008,-0.4985748175052013,-0.444199649033266,0.086065934065934,0.0
국내주식_섹터,domestic_equity_sector,131,227560.KS,TIGER 200 생활소비재,-3.142250136091196,-0.4310353962964887,-0.5919606955436447,0.1515864892528147,0.0056635960423063
국내주식_섹터,domestic_equity_sector,132,466940.KS,TIGER 은행고배당플러스TOP10,-3.187051017383974,-0.4223207346987752,-0.6595877911831592,0.0320708613317043,0.1900834860517206
국내주식_섹터,domestic_equity_sector,133,091170.KS,KODEX 은행,-3.2354507811983897,-0.4295096793173283,-0.6500512435610302,0.0,0.1892062347959277
국내주식_섹터,domestic_equity_sector,134,466920.KS,SOL 조선TOP3플러스,-3.2497221906843787,-0.4423097274460785,-0.5446602891208416,0.1393426035674019,0.0771587985314099
국내주식_섹터,domestic_equity_sector,135,494670.KS,TIGER 조선TOP10,-3.251630730730819,-0.437054509381952,-0.5601575355891579,0.1878101162704583,0.0932755683922091
국내주식_섹터,domestic_equity_sector,136,139240.KS,TIGER 200 철강소재,-3.318813803630088,-0.493869175716931,-0.6943469297435014,0.4492753623188407,0.0
국내주식_섹터,domestic_equity_sector,137,227540.KS,TIGER 200 헬스케어,-3.415113527011188,-0.3853442283787336,-0.7235504851941029,0.0481979349308395,0.0
국내주식_섹터,domestic_equity_sector,138,463250.KS,TIGER K방산&우주,-3.459170470844425,-0.498160523342829,-0.7432679129055095,0.0,0.0
국내주식_섹터,domestic_equity_sector,139,449450.KS,PLUS K방산,-3.5798753297506987,-0.4914255375929971,-0.7277670935045631,0.0,0.0
