ticker,market_cap
000001.SZ,0.0
000001SZ,0.0
000100.SZ,0.0
000100SZ,0.0
000157.SZ,0.0
000157SZ,0.0
0002.HK,0.0
0002HK,0.0
000301.SZ,0.0
000301SZ,0.0
000408.SZ,0.0
000408SZ,0.0
000425.SZ,0.0
000425SZ,0.0
000538.SZ,0.0
000538SZ,0.0
000568.SZ,0.0
000568SZ,0.0
000596.SZ,0.0
000596SZ,0.0
000617.SZ,0.0
000617SZ,0.0
000625.SZ,0.0
000625SZ,0.0
000630.SZ,0.0
000630SZ,0.0
000651.SZ,0.0
000651SZ,0.0
000661.SZ,0.0
000661SZ,0.0
000708.SZ,0.0
000708SZ,0.0
000725.SZ,0.0
000725SZ,0.0
000776.SZ,0.0
000776SZ,0.0
000786.SZ,0.0
000786SZ,0.0
000792.SZ,0.0
000792SZ,0.0
000807.SZ,0.0
000807SZ,0.0
000858.SZ,0.0
000858SZ,0.0
000876.SZ,0.0
000876SZ,0.0
000895.SZ,0.0
000895SZ,0.0
000938.SZ,0.0
000938SZ,0.0
000963.SZ,0.0
000963SZ,0.0
000975.SZ,0.0
000975SZ,0.0
000977.SZ,0.0
000977SZ,0.0
000983.SZ,0.0
000983SZ,0.0
000999.SZ,0.0
000999SZ,0.0
001391.SZ,0.0
001391SZ,0.0
001965.SZ,0.0
001965SZ,0.0
001979.SZ,0.0
001979SZ,0.0
002001.SZ,0.0
002001SZ,0.0
002027.SZ,0.0
002027SZ,0.0
002028.SZ,0.0
002028SZ,0.0
002049.SZ,0.0
002049SZ,0.0
002090.SZ,0.0
002090SZ,0.0
002142.SZ,0.0
002142SZ,0.0
002179.SZ,0.0
002179SZ,0.0
002230.SZ,0.0
002230SZ,0.0
002236.SZ,0.0
002236SZ,0.0
002241.SZ,0.0
002241SZ,0.0
002252.SZ,0.0
002252SZ,0.0
002304.SZ,0.0
002304SZ,0.0
002311.SZ,0.0
002311SZ,0.0
002371.SZ,0.0
002371SZ,0.0
002384.SZ,0.0
002384SZ,0.0
002415.SZ,0.0
002415SZ,0.0
002422.SZ,0.0
002422SZ,0.0
002459.SZ,0.0
002459SZ,0.0
002463.SZ,0.0
002463SZ,0.0
002475.SZ,0.0
002475SZ,0.0
002493.SZ,0.0
002493SZ,0.0
002600.SZ,0.0
002600SZ,0.0
002601.SZ,0.0
002601SZ,0.0
002625.SZ,0.0
002625SZ,0.0
002648.SZ,0.0
002648SZ,0.0
002709.SZ,0.0
002709SZ,0.0
002714.SZ,0.0
002714SZ,0.0
002736.SZ,0.0
002736SZ,0.0
002916.SZ,0.0
002916SZ,0.0
002920.SZ,0.0
002920SZ,0.0
002938.SZ,0.0
002938SZ,0.0
003816.SZ,0.0
003816SZ,0.0
0135.HK,0.0
0135HK,0.0
0136.HK,0.0
0136HK,0.0
0151.HK,0.0
0151HK,0.0
0168.HK,0.0
0168HK,0.0
0241.HK,0.0
0241HK,0.0
0268.HK,0.0
0268HK,0.0
02GMU,0.0
0300.HK,0.0
0300HK,0.0
0358.HK,0.0
0358HK,0.0
0386.HK,0.0
0386HK,0.0
0388.HK,0.0
0388HK,0.0
0390.HK,0.0
0390HK,0.0
04QA.F,0.0
04QAF,0.0
0669.HK,0.0
0669HK,0.0
0700.HK,0.0
0700HK,0.0
0728.HK,0.0
0728HK,0.0
0753.HK,0.0
0753HK,0.0
0762.HK,0.0
0762HK,0.0
0772.HK,0.0
0772HK,0.0
0823.HK,0.0
0823HK,0.0
0830.HK,0.0
0830HK,0.0
0857.HK,0.0
0857HK,0.0
0883.HK,0.0
0883HK,0.0
08HH.F,0.0
08HHF,0.0
0914.HK,0.0
0914HK,0.0
0939.HK,0.0
0939HK,0.0
0941.HK,0.0
0941HK,0.0
0966.HK,0.0
0966HK,0.0
0968.HK,0.0
0968HK,0.0
0981.HK,0.0
0981HK,0.0
0992.HK,0.0
0992HK,0.0
0A0HIL,0.0
0BOF,0.0
0ECF,0.0
0H3QIL,0.0
0H9.HA,0.0
0H9HA,0.0
0HEJL,0.0
0MGI.IL,0.0
0MGIIL,0.0
0NW2.IL,0.0
0NW2IL,0.0
0O77IL,0.0
0ON7IL,0.0
0QBOIL,0.0
0QGH.IL,0.0
0QGHIL,0.0
0QP.F,0.0
0QPF,0.0
0QZPL,0.0
0R1W.L,0.0
0R1WL,0.0
0RGT.IL,0.0
0RGTIL,0.0
0ROYIL,0.0
0RR8L,0.0
0V6.SG,0.0
0V6SG,0.0
0VD0.DU,0.0
0VD0DU,0.0
0YX.MU,0.0
0YXMU,0.0
1038.HK,0.0
1038HK,0.0
1093.HK,0.0
1093HK,0.0
1186.HK,0.0
1186HK,0.0
1209.HK,0.0
1209HK,0.0
1258.HK,0.0
1258HK,0.0
1299.HK,0.0
1299HK,0.0
1321.T,0.0
1321T,0.0
1332.T,0.0
1332T,0.0
1347.HK,0.0
1347HK,0.0
1378.HK,0.0
1378HK,0.0
1398.HK,0.0
1398HK,0.0
14T.F,0.0
14TF,0.0
1605.T,0.0
1605T,0.0
16MU,0.0
1741.F,0.0
1741F,0.0
1766.HK,0.0
1766HK,0.0
17USI,0.0
1800.HK,0.0
1800HK,0.0
1880.HK,0.0
1880HK,0.0
1883.HK,0.0
1883HK,0.0
188H.F,0.0
188HF,0.0
1908.HK,0.0
1908HK,0.0
1919.HK,0.0
1919HK,0.0
195HDU,0.0
195HF,0.0
1963.T,0.0
1963T,0.0
1988.HK,0.0
1988HK,0.0
1ACMRMI,0.0
1BAHMI,0.0
1CDWMI,0.0
1CIA.DU,0.0
1CIADU,0.0
1CIMI,0.0
1CKSG,0.0
1HENSMI,0.0
1JPF,0.0
1KLAC.MI,0.0
1KLACMI,0.0
1LEG.MI,0.0
1LEGMI,0.0
1LNB.HA,0.0
1LNBHA,0.0
1MOS.MI,0.0
1MOSMI,0.0
1RIVN.MI,0.0
1RIVNMI,0.0
1SATSMI,0.0
1VEEV.MI,0.0
1VEEVMI,0.0
1VPA.SG,0.0
1VPASG,0.0
1VRTMI,0.0
1WENMI,0.0
1ZGUMI,0.0
2002.T,0.0
2002T,0.0
2018.HK,0.0
2018HK,0.0
2202.HK,0.0
2202HK,0.0
2228.HK,0.0
2228HK,0.0
2318.HK,0.0
2318HK,0.0
2338.HK,0.0
2338HK,0.0
2382.HK,0.0
2382HK,0.0
2413.T,0.0
2413T,0.0
2423.HK,0.0
2423HK,0.0
2693.HK,0.0
2693HK,0.0
2801.T,0.0
2801T,0.0
2802.T,0.0
2802T,0.0
285AT,0.0
2883.HK,0.0
2883HK,0.0
2B7KDE,0.0
2MU,0.0
2N81F,0.0
2X2AF,0.0
300015.SZ,0.0
300015SZ,0.0
300033.SZ,0.0
300033SZ,0.0
300059.SZ,0.0
300059SZ,0.0
300122.SZ,0.0
300122SZ,0.0
300251.SZ,0.0
300251SZ,0.0
300274.SZ,0.0
300274SZ,0.0
300308.SZ,0.0
300308SZ,0.0
300316.SZ,0.0
300316SZ,0.0
300394.SZ,0.0
300394SZ,0.0
300408.SZ,0.0
300408SZ,0.0
300413.SZ,0.0
300413SZ,0.0
300418.SZ,0.0
300418SZ,0.0
300433.SZ,0.0
300433SZ,0.0
300442.SZ,0.0
300442SZ,0.0
300476.SZ,0.0
300476SZ,0.0
300498.SZ,0.0
300498SZ,0.0
300502.SZ,0.0
300502SZ,0.0
300628.SZ,0.0
300628SZ,0.0
300661.SZ,0.0
300661SZ,0.0
300760.SZ,0.0
300760SZ,0.0
300782.SZ,0.0
300782SZ,0.0
300803.SZ,0.0
300803SZ,0.0
300832.SZ,0.0
300832SZ,0.0
300866.SZ,0.0
300866SZ,0.0
300896.SZ,0.0
300896SZ,0.0
300979.SZ,0.0
300979SZ,0.0
300999.SZ,0.0
300999SZ,0.0
301236.SZ,0.0
301236SZ,0.0
301269.SZ,0.0
301269SZ,0.0
302132.SZ,0.0
302132SZ,0.0
3086.T,0.0
3086T,0.0
3198.T,0.0
3198T,0.0
3328.HK,0.0
3328HK,0.0
3391.T,0.0
3391T,0.0
3436.T,0.0
3436T,0.0
34VF,0.0
353F,0.0
3570TWO,0.0
3606.HK,0.0
3606HK,0.0
3616.HK,0.0
3616HK,0.0
3690.HK,0.0
3690HK,0.0
3800.HK,0.0
3800HK,0.0
3808.HK,0.0
3808HK,0.0
3888.HK,0.0
3888HK,0.0
3993.HK,0.0
3993HK,0.0
3BDF,0.0
3I0F,0.0
3IF,0.0
3KYF,0.0
3RKUMU,0.0
3UEF,0.0
4004.T,0.0
4004T,0.0
4062.T,0.0
4062T,0.0
4183.T,0.0
4183T,0.0
4188.T,0.0
4188T,0.0
4204.T,0.0
4204T,0.0
4507.T,0.0
4507T,0.0
4543.T,0.0
4543T,0.0
4568.T,0.0
4568T,0.0
4578.T,0.0
4578T,0.0
4612.T,0.0
4612T,0.0
469F,0.0
4720F,0.0
4751.T,0.0
4751T,0.0
4755.T,0.0
4755T,0.0
4BV0SG,0.0
4BY0MU,0.0
4D7HA,0.0
4FMETI,0.0
4HEITI,0.0
4JPDU,0.0
4RHDU,0.0
4WFF,0.0
4Z1MU,0.0
5016.T,0.0
5016T,0.0
5020.T,0.0
5020T,0.0
508026.SS,0.0
508026SS,0.0
5406.T,0.0
5406T,0.0
5706.T,0.0
5706T,0.0
5801.T,0.0
5801T,0.0
5819KL,0.0
599ADU,0.0
59MDU,0.0
5GIR,0.0
5JPSG,0.0
5KBASG,0.0
5NUF,0.0
5O2F,0.0
5O4F,0.0
5URMU,0.0
600000.SS,0.0
600000SS,0.0
600009.SS,0.0
600009SS,0.0
600010.SS,0.0
600010SS,0.0
600011.SS,0.0
600011SS,0.0
600015.SS,0.0
600015SS,0.0
600018.SS,0.0
600018SS,0.0
600019.SS,0.0
600019SS,0.0
600023.SS,0.0
600023SS,0.0
600025.SS,0.0
600025SS,0.0
600030.SS,0.0
600030SS,0.0
600036.SS,0.0
600036SS,0.0
600048.SS,0.0
600048SS,0.0
600050.SS,0.0
600050SS,0.0
600061.SS,0.0
600061SS,0.0
600066.SS,0.0
600066SS,0.0
600085.SS,0.0
600085SS,0.0
600089.SS,0.0
600089SS,0.0
600111.SS,0.0
600111SS,0.0
600150.SS,0.0
600150SS,0.0
600160.SS,0.0
600160SS,0.0
600161.SS,0.0
600161SS,0.0
600176.SS,0.0
600176SS,0.0
600183.SS,0.0
600183SS,0.0
600219.SS,0.0
600219SS,0.0
600233.SS,0.0
600233SS,0.0
600309.SS,0.0
600309SS,0.0
600346.SS,0.0
600346SS,0.0
600372.SS,0.0
600372SS,0.0
600406.SS,0.0
600406SS,0.0
600415.SS,0.0
600415SS,0.0
600426.SS,0.0
600426SS,0.0
600436.SS,0.0
600436SS,0.0
600438.SS,0.0
600438SS,0.0
600460.SS,0.0
600460SS,0.0
600482.SS,0.0
600482SS,0.0
600489.SS,0.0
600489SS,0.0
600515.SS,0.0
600515SS,0.0
600519.SS,0.0
600519SS,0.0
600522.SS,0.0
600522SS,0.0
600570.SS,0.0
600570SS,0.0
600584.SS,0.0
600584SS,0.0
600588.SS,0.0
600588SS,0.0
6005TW,0.0
600674.SS,0.0
600674SS,0.0
600741.SS,0.0
600741SS,0.0
600760.SS,0.0
600760SS,0.0
600795.SS,0.0
600795SS,0.0
600803.SS,0.0
600803SS,0.0
600809.SS,0.0
600809SS,0.0
600875.SS,0.0
600875SS,0.0
600886.SS,0.0
600886SS,0.0
600887.SS,0.0
600887SS,0.0
600893.SS,0.0
600893SS,0.0
600905.SS,0.0
600905SS,0.0
600918.SS,0.0
600918SS,0.0
600919.SS,0.0
600919SS,0.0
600926.SS,0.0
600926SS,0.0
600930.SS,0.0
600930SS,0.0
600989.SS,0.0
600989SS,0.0
601006.SS,0.0
601006SS,0.0
601009.SS,0.0
601009SS,0.0
601012.SS,0.0
601012SS,0.0
601018.SS,0.0
601018SS,0.0
601021.SS,0.0
601021SS,0.0
601058.SS,0.0
601058SS,0.0
601059.SS,0.0
601059SS,0.0
601100.SS,0.0
601100SS,0.0
601117.SS,0.0
601117SS,0.0
601138.SS,0.0
601138SS,0.0
601166.SS,0.0
601166SS,0.0
601169.SS,0.0
601169SS,0.0
601225.SS,0.0
601225SS,0.0
601229.SS,0.0
601229SS,0.0
601236.SS,0.0
601236SS,0.0
601360.SS,0.0
601360SS,0.0
601377.SS,0.0
601377SS,0.0
601668.SS,0.0
601668SS,0.0
601669.SS,0.0
601669SS,0.0
601689.SS,0.0
601689SS,0.0
601698.SS,0.0
601698SS,0.0
601816.SS,0.0
601816SS,0.0
601818.SS,0.0
601818SS,0.0
601825.SS,0.0
601825SS,0.0
601838.SS,0.0
601838SS,0.0
601868.SS,0.0
601868SS,0.0
601872.SS,0.0
601872SS,0.0
601877.SS,0.0
601877SS,0.0
601878.SS,0.0
601878SS,0.0
601898.SS,0.0
601898SS,0.0
601899.SS,0.0
601899SS,0.0
601901.SS,0.0
601901SS,0.0
601985.SS,0.0
601985SS,0.0
601995.SS,0.0
601995SS,0.0
603019.SS,0.0
603019SS,0.0
603195.SS,0.0
603195SS,0.0
603260.SS,0.0
603260SS,0.0
603288.SS,0.0
603288SS,0.0
603296.SS,0.0
603296SS,0.0
603369.SS,0.0
603369SS,0.0
603392.SS,0.0
603392SS,0.0
603501.SS,0.0
603501SS,0.0
603799.SS,0.0
603799SS,0.0
603893.SS,0.0
603893SS,0.0
603986.SS,0.0
603986SS,0.0
605117.SS,0.0
605117SS,0.0
605499.SS,0.0
605499SS,0.0
6098.T,0.0
6098T,0.0
6103.T,0.0
6103T,0.0
6301.T,0.0
6301T,0.0
6361.T,0.0
6361T,0.0
6367.T,0.0
6367T,0.0
6473.T,0.0
6473T,0.0
64NSG,0.0
6501.T,0.0
6501T,0.0
6503.T,0.0
6503T,0.0
6506.T,0.0
6506T,0.0
6526.T,0.0
6526T,0.0
6586.T,0.0
6586T,0.0
6701.T,0.0
6701T,0.0
6702.T,0.0
6702T,0.0
6723.T,0.0
6723T,0.0
6752.T,0.0
6752T,0.0
6861.T,0.0
6861T,0.0
6862.HK,0.0
6862HK,0.0
688008.SS,0.0
688008SS,0.0
688009.SS,0.0
688009SS,0.0
688012.SS,0.0
688012SS,0.0
688036.SS,0.0
688036SS,0.0
688041.SS,0.0
688041SS,0.0
688047.SS,0.0
688047SS,0.0
688082.SS,0.0
688082SS,0.0
688111.SS,0.0
688111SS,0.0
688126.SS,0.0
688126SS,0.0
688169.SS,0.0
688169SS,0.0
688223.SS,0.0
688223SS,0.0
688256.SS,0.0
688256SS,0.0
688271.SS,0.0
688271SS,0.0
688303.SS,0.0
688303SS,0.0
688396.SS,0.0
688396SS,0.0
688472.SS,0.0
688472SS,0.0
688506.SS,0.0
688506SS,0.0
688819.SS,0.0
688819SS,0.0
6920.T,0.0
6920T,0.0
6954.T,0.0
6954T,0.0
6969.HK,0.0
6969HK,0.0
6CZF,0.0
6EQF,0.0
6IBSG,0.0
6LUSG,0.0
6MTMU,0.0
6XQF,0.0
7004.T,0.0
7004T,0.0
7011.T,0.0
7011T,0.0
7012.T,0.0
7012T,0.0
7202.T,0.0
7202T,0.0
7309.T,0.0
7309T,0.0
75CBF,0.0
7701.T,0.0
7701T,0.0
7735.T,0.0
7735T,0.0
7741NMX,0.0
7911.T,0.0
7911T,0.0
7912.T,0.0
7912T,0.0
7936.T,0.0
7936T,0.0
7S8SG,0.0
7SNF,0.0
7TCF,0.0
7TE1F,0.0
7XCSG,0.0
8001.T,0.0
8001T,0.0
8002.T,0.0
8002T,0.0
8015.T,0.0
8015T,0.0
8031.T,0.0
8031T,0.0
8035.T,0.0
8035T,0.0
8053.T,0.0
8053T,0.0
8304.T,0.0
8304T,0.0
8316.T,0.0
8316T,0.0
83BMU,0.0
8473.T,0.0
8473T,0.0
8601.T,0.0
8601T,0.0
8630.T,0.0
8630T,0.0
87WF,0.0
891F,0.0
8951.T,0.0
8951T,0.0
8957.T,0.0
8957T,0.0
8FSHA,0.0
8JNSG,0.0
8RJF,0.0
8ZNF,0.0
9001.T,0.0
9001T,0.0
900926.SS,0.0
900926SS,0.0
9101.T,0.0
9101T,0.0
9107.T,0.0
9107T,0.0
9147.T,0.0
9147T,0.0
9201.T,0.0
9201T,0.0
9502.T,0.0
9502T,0.0
9660.HK,0.0
9660HK,0.0
9696.HK,0.0
9696HK,0.0
9700F,0.0
9735.T,0.0
9735T,0.0
9843.T,0.0
9843T,0.0
9863.HK,0.0
9863HK,0.0
9899.HK,0.0
9899HK,0.0
9983.T,0.0
9983T,0.0
9HA,0.0
9JB0F,0.0
9JDSG,0.0
A,0.0
AAPL,0.0
ABBV,0.0
ABT,0.0
ACGL,0.0
ADBE,0.0
ADI,0.0
ADP,0.0
ADSK,0.0
AEE,0.0
AEP,0.0
AES,0.0
AFL,0.0
AIG,0.0
AIZ,0.0
AJG,0.0
AKAM,0.0
ALB,0.0
ALGN,0.0
ALL,0.0
ALLE,0.0
ALNY,0.0
AMAT,0.0
AMCR,0.0
AMD,0.0
AME,0.0
AMGN,0.0
AMP,0.0
AMT,0.0
ANET,0.0
AON,0.0
APA,0.0
APO,0.0
APTV,0.0
ASML,0.0
ATO,0.0
AVB,0.0
AVGO,0.0
AVY,0.0
AXON,0.0
AXP,0.0
AZO,0.0
B,0.0
B2XDU,0.0
BA,0.0
BABA,0.0
BAC,0.0
BAERZXC,0.0
BAH,0.0
BAJFINANCENS,0.0
BAL,0.0
BALL,0.0
BAM,0.0
BANR,0.0
BARCL,0.0
BASDE,0.0
BAX,0.0
BAYNSW,0.0
BBV,0.0
BBVA,0.0
BBY,0.0
BCODXD,0.0
BCPUXD,0.0
BCVVF,0.0
BDX,0.0
BE,0.0
BEIDXD,0.0
BELNS,0.0
BEN,0.0
BESIAS,0.0
BEVI,0.0
BF5AF,0.0
BFL,0.0
BFS,0.0
BG,0.0
BGNMXC,0.0
BGVI,0.0
BHARTIARTLNS,0.0
BHP,0.0
BIDU,0.0
BIIB,0.0
BILI,0.0
BIRGIR,0.0
BJEBDU,0.0
BK,0.0
BKH,0.0
BKNG,0.0
BKR,0.0
BKWZXC,0.0
BLDR,0.0
BLK,0.0
BM,0.0
BMEDMXC,0.0
BMNAX,0.0
BMOTO,0.0
BMWDE,0.0
BMY,0.0
BNB,0.0
BNBVI,0.0
BNCZF,0.0
BNL,0.0
BNPA,0.0
BNPPA,0.0
BNRDE,0.0
BNSTO,0.0
BNZLLXC,0.0
BO9SG,0.0
BOLSXD,0.0
BOPMU,0.0
BP,0.0
BPEMXD,0.0
BR,0.0
BRDCY,0.0
BRHFF,0.0
BRO,0.0
BRX,0.0
BS6SI,0.0
BSASG,0.0
BSX,0.0
BT,0.0
BTI,0.0
BTRWLXC,0.0
BUD,0.0
BURL,0.0
BX,0.0
BX1BF,0.0
BXP,0.0
BY6ASG,0.0
BY6VI,0.0
BYCRF,0.0
BYD,0.0
BYGHA,0.0
BZTAF,0.0
BZUMXD,0.0
C,0.0
C38USI,0.0
C3BMU,0.0
C6LSI,0.0
C98MU,0.0
CABKMC,0.0
CAE,0.0
CAG,0.0
CAH,0.0
CAJPY,0.0
CAPA,0.0
CAPPA,0.0
CARR,0.0
CASY,0.0
CAT,0.0
CB,0.0
CBAAX,0.0
CBKDE,0.0
CBL,0.0
CBOE,0.0
CBRE,0.0
CBSH,0.0
CCBG,0.0
CCC3DXD,0.0
CCEP,0.0
CCHVI,0.0
CCI,0.0
CCJ,0.0
CCL,0.0
CCOEY,0.0
CDE,0.0
CDNS,0.0
CDP,0.0
CDW,0.0
CEG,0.0
CENNZ,0.0
CF,0.0
CFG,0.0
CFICGGCPBSN,0.0
CG,0.0
CGASY,0.0
CGGTO,0.0
CGL,0.0
CGXYY,0.0
CH,0.0
CHBJF,0.0
CHCO,0.0
CHD,0.0
CHFLF,0.0
CHK0F,0.0
CHKP,0.0
CHLSG,0.0
CHRW,0.0
CHTR,0.0
CHTRVI,0.0
CI,0.0
CIAHF,0.0
CIEN,0.0
CIMF,0.0
CINF,0.0
CIPLANS,0.0
CJEWY,0.0
CK0SG,0.0
CKHUY,0.0
CL,0.0
CL2HA,0.0
CLS,0.0
CLX,0.0
CM,0.0
CMCSA,0.0
CMCSVI,0.0
CME,0.0
CMG,0.0
CMHHY,0.0
CMI,0.0
CMS,0.0
CMSYF,0.0
CN,0.0
CNA,0.0
CNAL,0.0
CNC,0.0
CNE100004272SG,0.0
CNH,0.0
CNP,0.0
CNQTO,0.0
COALINDIANS,0.0
COF,0.0
COHR,0.0
COIN,0.0
COLAX,0.0
COLB,0.0
COO,0.0
COP,0.0
COR,0.0
CORN,0.0
COST,0.0
COVPA,0.0
CP,0.0
CPA,0.0
CPAY,0.0
CPB,0.0
CPF,0.0
CPPMU,0.0
CPRT,0.0
CPT,0.0
CPUAX,0.0
CRBG,0.0
CRBJY,0.0
CRCL,0.0
CRDO,0.0
CRH,0.0
CRL,0.0
CRM,0.0
CRPDU,0.0
CRRFY,0.0
CRWD,0.0
CRWV,0.0
CS0SG,0.0
CSCO,0.0
CSDXF,0.0
CSGP,0.0
CSL,0.0
CSPA,0.0
CSR,0.0
CSUTO,0.0
CSX,0.0
CTAS,0.0
CTRA,0.0
CTSH,0.0
CTSHVI,0.0
CTVA,0.0
CUBE,0.0
CUPSG,0.0
CUZ,0.0
CVBF,0.0
CVETO,0.0
CVGUF,0.0
CVNA,0.0
CVS,0.0
CVX,0.0
CW,0.0
CWAN,0.0
CWEN,0.0
CYZBF,0.0
D,0.0
D05SI,0.0
D1NCF,0.0
D2NF,0.0
D5LAF,0.0
D8YF,0.0
DAL,0.0
DANIENTNS,0.0
DANIPORTSBO,0.0
DANSKECO,0.0
DAS,0.0
DASH,0.0
DB1DE,0.0
DBE,0.0
DC,0.0
DC9F,0.0
DD,0.0
DDHY,0.0
DDOG,0.0
DE,0.0
DEA,0.0
DECK,0.0
DEI,0.0
DELL,0.0
DEN0F,0.0
DEO,0.0
DG,0.0
DGPA,0.0
DGX,0.0
DHC,0.0
DHI,0.0
DHR,0.0
DI,0.0
DIMPA,0.0
DINO,0.0
DIP0DU,0.0
DIS,0.0
DKNG,0.0
DKS,0.0
DLICY,0.0
DLR,0.0
DLTR,0.0
DM,0.0
DMIF,0.0
DML,0.0
DNOHA,0.0
DOC,0.0
DOLTO,0.0
DOV,0.0
DOW,0.0
DP,0.0
DPMMU,0.0
DPZ,0.0
DQJCF,0.0
DRH,0.0
DRI,0.0
DSDE,0.0
DSFIRAS,0.0
DSGNE,0.0
DSK,0.0
DSVCO,0.0
DSYAF,0.0
DTE,0.0
DTGDE,0.0
DUK,0.0
DVA,0.0
DVN,0.0
DWAHY,0.0
DXCM,0.0
DYEY,0.0
E,0.0
E3G1SG,0.0
EA,0.0
EBAY,0.0
EBSVI,0.0
EBZDU,0.0
ECL,0.0
ED,0.0
EDPRUXD,0.0
EDPUXD,0.0
EDU,0.0
EDV,0.0
EDVTO,0.0
EE,0.0
EEX,0.0
EFX,0.0
EG,0.0
EGP,0.0
EICHERMOTNS,0.0
EIX,0.0
EJPRY,0.0
EK7HA,0.0
EK7VI,0.0
ELAADXD,0.0
ELCPF,0.0
ELEEXC,0.0
ELIBR,0.0
ELISAHE,0.0
ELPA,0.0
ELS,0.0
ELV,0.0
EM,0.0
EME,0.0
EMR,0.0
EMXCL,0.0
ENB,0.0
ENELMI,0.0
ENRF,0.0
ENTG,0.0
EOANDE,0.0
EOG,0.0
EON,0.0
EP,0.0
EPAM,0.0
EPR,0.0
EPRT,0.0
EQIX,0.0
EQNR,0.0
EQR,0.0
EQT,0.0
ER,0.0
ERFPA,0.0
ERIE,0.0
ES,0.0
ESAIY,0.0
ESLAVI,0.0
ESLT,0.0
ESS,0.0
ETD,0.0
ETERNALBO,0.0
ETN,0.0
ETR,0.0
EUHA,0.0
EVDDE,0.0
EVKDE,0.0
EVMNY,0.0
EVRG,0.0
EW,0.0
EWBC,0.0
EXC,0.0
EXE,0.0
EXOAS,0.0
EXPD,0.0
EXPE,0.0
EXPNL,0.0
EXR,0.0
EZQ0F,0.0
F,0.0
F930F,0.0
FANG,0.0
FAST,0.0
FCX,0.0
FDFF,0.0
FDS,0.0
FDX,0.0
FE,0.0
FER,0.0
FERG,0.0
FEZHF,0.0
FFIN,0.0
FFIV,0.0
FG,0.0
FGRPA,0.0
FHI,0.0
FICO,0.0
FIS,0.0
FISV,0.0
FITB,0.0
FIX,0.0
FJEDU,0.0
FJIMU,0.0
FJKSG,0.0
FKKFF,0.0
FL,0.0
FLEX,0.0
FLO,0.0
FLUT,0.0
FMEHA,0.0
FMTO,0.0
FNF,0.0
FNV,0.0
FORTUMHE,0.0
FOUR,0.0
FOX,0.0
FPHNZ,0.0
FR,0.0
FREDE,0.0
FRESL,0.0
FRFFF,0.0
FRM,0.0
FRT,0.0
FSLR,0.0
FSV,0.0
FTAI,0.0
FTNT,0.0
FTSTO,0.0
FTV,0.0
FUJHY,0.0
FUL,0.0
FUTU,0.0
FVJMU,0.0
FZMVI,0.0
G14HA,0.0
G1ADXC,0.0
G1WW34SA,0.0
G24DXC,0.0
G51MU,0.0
GABC,0.0
GALDSW,0.0
GBLBY,0.0
GCO,0.0
GD,0.0
GDDY,0.0
GE,0.0
GEHC,0.0
GELYF,0.0
GEN,0.0
GETPA,0.0
GEV,0.0
GFCPA,0.0
GFS,0.0
GGG,0.0
GI,0.0
GIB,0.0
GIL,0.0
GILD,0.0
GIS,0.0
GKLTA,0.0
GL,0.0
GLAXONS,0.0
GLD,0.0
GLDBK,0.0
GLENL,0.0
GLEPA,0.0
GLPI,0.0
GLW,0.0
GM,0.0
GMABCO,0.0
GMI,0.0
GNC,0.0
GNENF,0.0
GNRC,0.0
GOOAVI,0.0
GOOCVI,0.0
GOOD,0.0
GPC,0.0
GPN,0.0
GRASIMNS,0.0
GRFMC,0.0
GRMN,0.0
GS,0.0
GSBR,0.0
GTY,0.0
GUGSG,0.0
GUOSF,0.0
GWOTO,0.0
GXYYY,0.0
GZ5DU,0.0
H,0.0
H78SI,0.0
HAI0SG,0.0
HAL,0.0
HAS,0.0
HBAN,0.0
HBANSW,0.0
HCA,0.0
HCLTECHNS,0.0
HCMSG,0.0
HD,0.0
HDB,0.0
HDCHSW,0.0
HDFCLIFEBO,0.0
HEI,0.0
HEIANE,0.0
HEIHA,0.0
HEN3DE,0.0
HF7NF,0.0
HGKGY,0.0
HIG,0.0
HII,0.0
HINDALCOBO,0.0
HINDUNILVRNS,0.0
HIW,0.0
HIZOF,0.0
HKHHY,0.0
HKTGF,0.0
HLDDU,0.0
HLMALXC,0.0
HLN,0.0
HLT,0.0
HMC,0.0
HMIASG,0.0
HMMR,0.0
HNGZY,0.0
HNR1DE,0.0
HOKCY,0.0
HON,0.0
HOOD,0.0
HOPA,0.0
HOTDE,0.0
HPE,0.0
HPP,0.0
HPQ,0.0
HR,0.0
HRL,0.0
HRT,0.0
HSBAL,0.0
HSHCY,0.0
HSIC,0.0
HST,0.0
HSYVI,0.0
HTO,0.0
HUATF,0.0
HUBB,0.0
HUBS,0.0
HUM,0.0
HWM,0.0
HYUHF,0.0
I19DU,0.0
I1MMU,0.0
I7BMU,0.0
IBEMC,0.0
IBKR,0.0
IBM0MU,0.0
IBN,0.0
IC1HF,0.0
ICE,0.0
ICKVI,0.0
IDXX,0.0
IEX,0.0
IFCTO,0.0
IFF,0.0
IFFVI,0.0
IFT340NZ,0.0
IFXDE,0.0
IG,0.0
IGMXD,0.0
IHI,0.0
IIINMX,0.0
IIPR,0.0
IKFCF,0.0
ILMN,0.0
IMBL,0.0
IMHDY,0.0
IMOTO,0.0
INCY,0.0
INDIGOBO,0.0
INFY,0.0
INGAAS,0.0
INSM,0.0
INTC,0.0
INTU,0.0
INVH,0.0
IONQ,0.0
IOT,0.0
IP,0.0
IPA,0.0
IPNPA,0.0
IQV,0.0
IR,0.0
IRASG,0.0
IREN,0.0
IRM,0.0
IRPA,0.0
ISCNF,0.0
ISPMI,0.0
ISRG,0.0
IT,0.0
IT1F,0.0
ITCNS,0.0
ITPPA,0.0
ITW,0.0
IVT,0.0
IVV,0.0
IVW,0.0
IVZ,0.0
IWM,0.0
IXD1HM,0.0
IZ,0.0
IZZSG,0.0
J,0.0
J0JF,0.0
J69USI,0.0
J92F,0.0
JAP0F,0.0
JAPAY,0.0
JB40HM,0.0
JBGMU,0.0
JBHTVI,0.0
JBL,0.0
JCI,0.0
JD,0.0
JDLGF,0.0
JE2F,0.0
JEM0DU,0.0
JFEEF,0.0
JG,0.0
JIOFINBO,0.0
JKHY,0.0
JLL,0.0
JNJ,0.0
JP3549600009SG,0.0
JP3634600005SG,0.0
JP3768600003SG,0.0
JP3870400003SG,0.0
JPM,0.0
JPSWF,0.0
JPY,0.0
JSWSTEELNS,0.0
JUS1SG,0.0
K2RC34SA,0.0
K71USI,0.0
KAJDU,0.0
KAM,0.0
KBH,0.0
KC,0.0
KCCOL,0.0
KDBDU,0.0
KDP,0.0
KEIF,0.0
KEP1SG,0.0
KERPA,0.0
KEY,0.0
KEYS,0.0
KEYTO,0.0
KFYDU,0.0
KGC,0.0
KHNZDXD,0.0
KIM,0.0
KIRMU,0.0
KKPNY,0.0
KKR,0.0
KLAC,0.0
KMB,0.0
KMI,0.0
KNSG,0.0
KO,0.0
KOA0MU,0.0
KOTAKBANKBO,0.0
KOZ1F,0.0
KPGAX,0.0
KPI1HM,0.0
KPODU,0.0
KR,0.0
KRBPOL,0.0
KRG,0.0
KRXIR,0.0
KSS,0.0
KT,0.0
KTERF,0.0
KTISBK,0.0
KUASF,0.0
KUBTY,0.0
KUYSG,0.0
KVUE,0.0
KY4F,0.0
KYG0146B1032SG,0.0
KYG8918W1069SG,0.0
KYG970081173SG,0.0
KYRSG,0.0
KZAAS,0.0
L,0.0
L74F,0.0
LAB,0.0
LAV0F,0.0
LB,0.0
LC,0.0
LCTX,0.0
LDOS,0.0
LEHA,0.0
LEN,0.0
LESG,0.0
LFMD,0.0
LGENL,0.0
LGN,0.0
LGND,0.0
LH,0.0
LHX,0.0
LI,0.0
LII,0.0
LIN,0.0
LIPXC,0.0
LITE,0.0
LIVAF,0.0
LKFN,0.0
LL,0.0
LLAX,0.0
LLE,0.0
LLOYL,0.0
LLY,0.0
LMT,0.0
LNG,0.0
LNLBDU,0.0
LNT,0.0
LNY,0.0
LOPA,0.0
LOWEVI,0.0
LPLA,0.0
LPMY,0.0
LQD,0.0
LRCX,0.0
LRPA,0.0
LSCC,0.0
LSEGL,0.0
LSU2HA,0.0
LTC,0.0
LTNS,0.0
LTO,0.0
LU2290522684SG,0.0
LUGSXD,0.0
LULU,0.0
LUMITA,0.0
LUNTO,0.0
LUV,0.0
LVMUY,0.0
LVS,0.0
LXP,0.0
LYB,0.0
LYCAX,0.0
LYV,0.0
M,0.0
MA6SG,0.0
MAA,0.0
MADY,0.0
MAPEXC,0.0
MAR,0.0
MARUTINS,0.0
MARVI,0.0
MAS,0.0
MASW,0.0
MAT,0.0
MAXHEALTHBO,0.0
MBGDE,0.0
MC,0.0
MCARY,0.0
MCD,0.0
MCHP,0.0
MCK,0.0
MCO,0.0
MCQEF,0.0
MCR,0.0
MD,0.0
MDB,0.0
MDLZ,0.0
MDLZVI,0.0
MDT,0.0
ME,0.0
MEAHA,0.0
MEJHF,0.0
MELI,0.0
MET,0.0
META,0.0
MEZXA,0.0
MFC,0.0
MFG,0.0
MFUDU,0.0
MGEE,0.0
MGM,0.0
MGN,0.0
MGTO,0.0
MH6DU,0.0
MHGVY,0.0
MHIDLXC,0.0
MICCAXC,0.0
MITEF,0.0
MITEY,0.0
MKCVI,0.0
MKL,0.0
MKR,0.0
MLM,0.0
MMGV,0.0
MMM,0.0
MMTOY,0.0
MNDY,0.0
MNSO,0.0
MNST,0.0
MO,0.0
MOBI,0.0
MONCVI,0.0
MP,0.0
MPC,0.0
MPLXA,0.0
MPT,0.0
MPWR,0.0
MRAAY,0.0
MRK,0.0
MRKDE,0.0
MRNA,0.0
MROL,0.0
MRP,0.0
MRVL,0.0
MS,0.0
MSA,0.0
MSCI,0.0
MSFT,0.0
MSI,0.0
MSM,0.0
MSMKF,0.0
MSNDU,0.0
MSTR,0.0
MT,0.0
MTB,0.0
MTD,0.0
MTN,0.0
MTR,0.0
MTROL,0.0
MTSI,0.0
MTXDE,0.0
MTZ,0.0
MU,0.0
MUFG,0.0
MUJSG,0.0
MUR,0.0
MV90MU,0.0
MY4F,0.0
MZDAY,0.0
MZN,0.0
MZTFF,0.0
N9BSG,0.0
NAEXC,0.0
NATO,0.0
NATOCN,0.0
NB9F,0.0
NBIS,0.0
NBIX,0.0
NC,0.0
NC0SG,0.0
NCLH,0.0
NCLMU,0.0
NCLTY,0.0
ND5SG,0.0
NDAQ,0.0
NDSN,0.0
NEE,0.0
NEM,0.0
NEMDE,0.0
NESTLEINDNS,0.0
NET,0.0
NEXOY,0.0
NEXT,0.0
NFG,0.0
NFLX,0.0
NGG,0.0
NGIMU,0.0
NGKF,0.0
NGL0F,0.0
NHNKY,0.0
NHYDY,0.0
NI,0.0
NI3F,0.0
NI6DU,0.0
NIBMU,0.0
NICE,0.0
NIFTYBETFBO,0.0
NINOY,0.0
NIO,0.0
NKE,0.0
NKEVI,0.0
NLY,0.0
NMAX,0.0
NNAS,0.0
NNCHY,0.0
NNN,0.0
NNSF,0.0
NOC,0.0
NOK,0.0
NOW,0.0
NPCE,0.0
NPDF,0.0
NPGF,0.0
NPPXF,0.0
NPSCY,0.0
NPXSG,0.0
NR6F,0.0
NRG,0.0
NRMSG,0.0
NSA,0.0
NSANY,0.0
NSC,0.0
NSCSG,0.0
NSEHM,0.0
NSKFF,0.0
NSP,0.0
NSTAX,0.0
NTAP,0.0
NTBV,0.0
NTDOY,0.0
NTES,0.0
NTNX,0.0
NTOL,0.0
NTPCGREENBO,0.0
NTR,0.0
NTRA,0.0
NTRS,0.0
NU,0.0
NUE,0.0
NURAF,0.0
NVAX,0.0
NVDA,0.0
NVOH,0.0
NVR,0.0
NWGL,0.0
NXPI,0.0
NXST,0.0
NZNZ,0.0
O,0.0
O2FF,0.0
O39SI,0.0
OBAHA,0.0
OBICY,0.0
OC5DU,0.0
OCJDU,0.0
OCPNF,0.0
OCVI,0.0
ODFL,0.0
OFG,0.0
OFRF,0.0
OHI,0.0
OI,0.0
OJIHA,0.0
OKE,0.0
OKLO,0.0
OKTA,0.0
OLLHA,0.0
OMC,0.0
OMR1MU,0.0
ON,0.0
ONC,0.0
ORCL,0.0
ORGAX,0.0
ORI,0.0
ORIF,0.0
ORKOL,0.0
ORKT,0.0
ORLY,0.0
ORPA,0.0
ORSTEDCO,0.0
OS,0.0
OSASG,0.0
OSKMU,0.0
OTEX,0.0
OTIS,0.0
OXM,0.0
OXY,0.0
OZK,0.0
P,0.0
P2UHA,0.0
P91ASG,0.0
PA,0.0
PAAS,0.0
PAAX,0.0
PAG,0.0
PAM,0.0
PANW,0.0
PAYX,0.0
PCAR,0.0
PCG,0.0
PD,0.0
PDD,0.0
PDM,0.0
PDMX,0.0
PEB,0.0
PECO,0.0
PEGVI,0.0
PEP,0.0
PFE,0.0
PFG,0.0
PG,0.0
PGR,0.0
PH,0.0
PHBBF,0.0
PHIAAS,0.0
PHM,0.0
PHOETA,0.0
PHVI,0.0
PI,0.0
PJCDU,0.0
PK,0.0
PKCOF,0.0
PKG,0.0
PL,0.0
PLD,0.0
PLE,0.0
PLTR,0.0
PLTRVI,0.0
PM,0.0
PMCUF,0.0
PNC,0.0
PNDORACO,0.0
PNFP,0.0
PNR,0.0
PNW,0.0
PO,0.0
PODD,0.0
POLLOHOSPBO,0.0
POLLOHOSPNS,0.0
POOL,0.0
POPMF,0.0
POWERGRIDNS,0.0
POWTO,0.0
PP,0.0
PPG,0.0
PPL,0.0
PPLTO,0.0
PRGDXD,0.0
PRU,0.0
PRXAS,0.0
PSA,0.0
PSKY,0.0
PSO,0.0
PSTMXC,0.0
PSTVY,0.0
PSX,0.0
PTA,0.0
PTC,0.0
PTV,0.0
PUBPA,0.0
PWR,0.0
PYPL,0.0
PZXVI,0.0
Q,0.0
Q3DU,0.0
QANAX,0.0
QBE0MU,0.0
QC9DU,0.0
QCOM,0.0
QDVKMU,0.0
QGEN,0.0
QQQ,0.0
QRVO,0.0
QS2AF,0.0
QSR,0.0
R1HDU,0.0
RAADXC,0.0
RACE,0.0
RANDAS,0.0
RBA,0.0
RBIVI,0.0
RCL,0.0
RDDT,0.0
RDY,0.0
RE,0.0
RE21DU,0.0
REG,0.0
REGN,0.0
RELIANCENS,0.0
RELX,0.0
REPMC,0.0
RER1MU,0.0
RES,0.0
RF,0.0
RGX,0.0
RHHBY,0.0
RHI,0.0
RHMDE,0.0
RIC1MU,0.0
RIO,0.0
RIPA,0.0
RISE,0.0
RITM,0.0
RJF,0.0
RKLB,0.0
RKTL,0.0
RL,0.0
RLF0F,0.0
RLJ,0.0
RM,0.0
RMBS,0.0
RMD,0.0
RMH,0.0
RNOPA,0.0
ROK,0.0
ROL,0.0
ROM0F,0.0
ROP,0.0
ROST,0.0
RPM,0.0
RS6DU,0.0
RSG,0.0
RSHGY,0.0
RTHF,0.0
RTO1F,0.0
RTX,0.0
RVMD,0.0
RVTY,0.0
RWEDE,0.0
RXLPA,0.0
RXTO,0.0
RYCEY,0.0
RYTO,0.0
S19F,0.0
S1RDU,0.0
S32AX,0.0
S4VCF,0.0
S5YAF,0.0
S63SI,0.0
S68SI,0.0
S6LAF,0.0
S6MSG,0.0
SAABY,0.0
SAAF,0.0
SABMC,0.0
SABMU,0.0
SAFE,0.0
SAFPA,0.0
SALMOOL,0.0
SAMPOHE,0.0
SAN,0.0
SANDSXC,0.0
SANTOSHFBO,0.0
SAP,0.0
SAPTO,0.0
SARMU,0.0
SATS,0.0
SB,0.0
SBAC,0.0
SBET,0.0
SBILIFEBO,0.0
SBINNS,0.0
SBRA,0.0
SBRF,0.0
SBRYL,0.0
SBS,0.0
SBUX,0.0
SBWMU,0.0
SCGAX,0.0
SCHWMX,0.0
SCYB,0.0
SE7MU,0.0
SEBCSXD,0.0
SFTBY,0.0
SGEL,0.0
SGHT,0.0
SGOPA,0.0
SGPAX,0.0
SHBBF,0.0
SHDMU,0.0
SHECY,0.0
SHEL,0.0
SHLDE,0.0
SHMUY,0.0
SHOP,0.0
SHRIRAMFINNS,0.0
SHXMU,0.0
SIANPAINTBO,0.0
SIESW,0.0
SILA,0.0
SJ7SG,0.0
SJ8DU,0.0
SJM,0.0
SKCAX,0.0
SLB,0.0
SLFTO,0.0
SLG,0.0
SLV,0.0
SMA,0.0
SMC,0.0
SMCI,0.0
SML,0.0
SMMMU,0.0
SMNVI,0.0
SMOSG,0.0
SMPNY,0.0
SMR,0.0
SMZ1HA,0.0
SNA,0.0
SNDK,0.0
SNDKNE,0.0
SNLAY,0.0
SNN,0.0
SNPS,0.0
SNWFVI,0.0
SNY,0.0
SO,0.0
SOBIST,0.0
SOHVF,0.0
SOLV,0.0
SON,0.0
SONY,0.0
SPG,0.0
SPGI,0.0
SPH1DU,0.0
SPOT,0.0
SPTL,0.0
SPY,0.0
SRCE,0.0
SRE,0.0
SRENSW,0.0
SRGMXD,0.0
SRT3DE,0.0
SSNC,0.0
STAG,0.0
STANL,0.0
STBA,0.0
STE,0.0
STLA,0.0
STLD,0.0
STM,0.0
STNTO,0.0
STRL,0.0
STS,0.0
STT,0.0
STWD,0.0
STX,0.0
STZ,0.0
STZVI,0.0
SU,0.0
SUHJY,0.0
SUI,0.0
SUN,0.0
SUNB,0.0
SUNPHARMANS,0.0
SUNXA,0.0
SUPA,0.0
SURDF,0.0
SUTNY,0.0
SVTL,0.0
SW,0.0
SWIDU,0.0
SWK,0.0
SWKS,0.0
SX,0.0
SY1DU,0.0
SYF,0.0
SYK,0.0
SYRMANS,0.0
SYY,0.0
SZKMY,0.0
T,0.0
T1EL34SA,0.0
T3V2SG,0.0
T6OF,0.0
T6RMU,0.0
TAK,0.0
TAP,0.0
TATACONSUMBO,0.0
TATASTEELNS,0.0
TBH,0.0
TBTF,0.0
TCLAX,0.0
TCOM,0.0
TCOMNMX,0.0
TCSNS,0.0
TDG,0.0
TDTO,0.0
TDY,0.0
TECH,0.0
TECHMNS,0.0
TEFMC,0.0
TEL,0.0
TELOL,0.0
TEMF,0.0
TER,0.0
TEVA,0.0
TEYY,0.0
TFC,0.0
TFIITO,0.0
TGT,0.0
TIEDU,0.0
TIJSG,0.0
TIP,0.0
TISCF,0.0
TISI,0.0
TITVI,0.0
TJNMU,0.0
TJX,0.0
TKFOY,0.0
TKO,0.0
TLCAX,0.0
TLLBHA,0.0
TLT,0.0
TLXDE,0.0
TM,0.0
TME,0.0
TMICY,0.0
TMO,0.0
TMPVNS,0.0
TMUS,0.0
TO,0.0
TOGSG,0.0
TOHDU,0.0
TOR1MU,0.0
TOSDU,0.0
TOST,0.0
TOTOJK,0.0
TOUTO,0.0
TPL,0.0
TPOF,0.0
TPR,0.0
TPXSG,0.0
TRGP,0.0
TRI,0.0
TRITO,0.0
TRLSG,0.0
TRMB,0.0
TRNO,0.0
TROW,0.0
TRPTO,0.0
TRU,0.0
TRV,0.0
TRYGCO,0.0
TS,0.0
TSCO,0.0
TSCOL,0.0
TSEM,0.0
TSFAVI,0.0
TSLA,0.0
TSN,0.0
TSNVI,0.0
TT,0.0
TTDKY,0.0
TTDVI,0.0
TTE,0.0
TTWO,0.0
TUBBXC,0.0
TW,0.0
TWLO,0.0
TXN,0.0
TXT,0.0
TY,0.0
TYL,0.0
TYOYY,0.0
U11SI,0.0
U96SI,0.0
UAL,0.0
UBER,0.0
UBS,0.0
UCB,0.0
UDR,0.0
UEISG,0.0
UF2SG,0.0
UHRSW,0.0
UHS,0.0
UL,0.0
ULTA,0.0
ULTRACEMCONS,0.0
UMH,0.0
UN4HA,0.0
UNCRY,0.0
UNH,0.0
UNIMXC,0.0
UNP,0.0
UPMHE,0.0
URI,0.0
US4924601002SG,0.0
US4991801071SG,0.0
US52490G1022SG,0.0
US98954M2008SG,0.0
USB,0.0
USBCLSN,0.0
USD,0.0
USO,0.0
UTHR,0.0
UTOL,0.0
UUL,0.0
V8HF,0.0
V8WF,0.0
VACNSW,0.0
VB,0.0
VEEV,0.0
VERVI,0.0
VGLT,0.0
VGNT,0.0
VGO,0.0
VGT,0.0
VICI,0.0
VISAVI,0.0
VL,0.0
VLO,0.0
VLTO,0.0
VMC,0.0
VNADE,0.0
VNO,0.0
VOD,0.0
VRE,0.0
VRSK,0.0
VRSN,0.0
VRT,0.0
VRTS,0.0
VRTX,0.0
VSNSG,0.0
VSNT,0.0
VST,0.0
VTR,0.0
VTRS,0.0
VVDHSG,0.0
VWSCO,0.0
VY,0.0
VZ,0.0
W1RB34SA,0.0
WAB,0.0
WAT,0.0
WBD,0.0
WCN,0.0
WCPTO,0.0
WDAY,0.0
WDC,0.0
WDPDXD,0.0
WDS,0.0
WEC,0.0
WELL,0.0
WESAX,0.0
WFC,0.0
WHGLY,0.0
WHLJO,0.0
WI4VI,0.0
WISE,0.0
WIT,0.0
WJRYF,0.0
WK,0.0
WKLAS,0.0
WM,0.0
WMB,0.0
WMT,0.0
WNTO,0.0
WPC,0.0
WPM,0.0
WR,0.0
WRB,0.0
WRTBF,0.0
WSM,0.0
WSO,0.0
WSPTO,0.0
WSR,0.0
WST,0.0
WTBLXC,0.0
WTCAX,0.0
WTW,0.0
WU,0.0
WX1F,0.0
WX8F,0.0
WY,0.0
WYNN,0.0
XBI,0.0
XEBSG,0.0
XEL,0.0
XESG,0.0
XGH0F,0.0
XGJ0SG,0.0
XHR,0.0
XISBANKNS,0.0
XLF,0.0
XLK,0.0
XLP,0.0
XLV,0.0
XNEF,0.0
XOM,0.0
XON,0.0
XP,0.0
XPEV,0.0
XRX,0.0
XTO,0.0
XY6DXD,0.0
XYL,0.0
XYZ,0.0
Y5CSG,0.0
YADGF,0.0
YAMHF,0.0
YARF,0.0
YARIY,0.0
YATRY,0.0
YC3F,0.0
YC3MU,0.0
YKESG,0.0
YRBDU,0.0
YUM,0.0
YUMC,0.0
YZCMU,0.0
Z74SI,0.0
ZAL1MU,0.0
ZBH,0.0
ZBRA,0.0
ZM,0.0
ZN,0.0
ZNHHDU,0.0
ZO,0.0
ZRGTA,0.0
ZS,0.0
ZSHOF,0.0
ZTEK,0.0
ZTOASG,0.0
ZTS,0.0
ZURNSW,0.0
ZXLETO,0.0
