code,etf_ticker,pdf_name,aum_??,pdf_sub_asset_kr,pdf_sub_asset,pdf_asset_class
411060,411060.KS,ACE KRX금현물,52303,FX 및 원자재,fx_commodity,risk
144600,144600.KS,KODEX 은선물(H),14590,FX 및 원자재,fx_commodity,risk
132030,132030.KS,KODEX 골드선물(H),4821,FX 및 원자재,fx_commodity,risk
261220,261220.KS,KODEX WTI원유선물(H),1428,FX 및 원자재,fx_commodity,risk
261240,261240.KS,KODEX 미국달러선물,724,FX 및 원자재,fx_commodity,risk
292560,292560.KS,TIGER 일본엔선물,542,FX 및 원자재,fx_commodity,risk
271060,271060.KS,KODEX 3대농산물선물(H),252,FX 및 원자재,fx_commodity,risk
360750,360750.KS,TIGER 미국S&P500,147821,해외주식_지수,overseas_equity_index,risk
379800,379800.KS,KODEX 미국S&P500,81089,해외주식_지수,overseas_equity_index,risk
133690,133690.KS,TIGER 미국나스닥100,79730,해외주식_지수,overseas_equity_index,risk
379810,379810.KS,KODEX 미국나스닥100,55319,해외주식_지수,overseas_equity_index,risk
381180,381180.KS,TIGER 미국필라델피아반도체나스닥,34100,해외주식_지수,overseas_equity_index,risk
360200,360200.KS,ACE 미국S&P500,33475,해외주식_지수,overseas_equity_index,risk
367380,367380.KS,ACE 미국나스닥100,27323,해외주식_지수,overseas_equity_index,risk
379780,379780.KS,RISE 미국S&P500,14147,해외주식_지수,overseas_equity_index,risk
371160,371160.KS,TIGER 차이나항셍테크,9134,해외주식_지수,overseas_equity_index,risk
449180,449180.KS,KODEX 미국S&P500(H),6946,해외주식_지수,overseas_equity_index,risk
251350,251350.KS,KODEX 선진국MSCI World,4913,해외주식_지수,overseas_equity_index,risk
448290,448290.KS,TIGER 미국S&P500TR(H),4371,해외주식_지수,overseas_equity_index,risk
241180,241180.KS,TIGER 일본니케이225,4279,해외주식_지수,overseas_equity_index,risk
453810,453810.KS,KODEX 인도Nifty50,4103,해외주식_지수,overseas_equity_index,risk
453870,453870.KS,TIGER 인도니프티50,3951,해외주식_지수,overseas_equity_index,risk
245710,245710.KS,ACE 베트남VN30(합성),3155,해외주식_지수,overseas_equity_index,risk
448300,448300.KS,TIGER 미국나스닥100TR(H),2963,해외주식_지수,overseas_equity_index,risk
283580,283580.KS,KODEX 차이나CSI300,2825,해외주식_지수,overseas_equity_index,risk
200250,200250.KS,KIWOOM 인도Nifty50(합성),2215,해외주식_지수,overseas_equity_index,risk
414780,414780.KS,TIGER 차이나과창판STAR50(합성),2068,해외주식_지수,overseas_equity_index,risk
372330,372330.KS,KODEX 차이나항셍테크,1627,해외주식_지수,overseas_equity_index,risk
192090,192090.KS,TIGER 차이나CSI300,1575,해외주식_지수,overseas_equity_index,risk
219480,219480.KS,KODEX 미국S&P500선물(H),1437,해외주식_지수,overseas_equity_index,risk
245340,245340.KS,TIGER 미국다우존스30,1412,해외주식_지수,overseas_equity_index,risk
168580,168580.KS,ACE 중국본토CSI300,1301,해외주식_지수,overseas_equity_index,risk
488500,488500.KS,TIGER 미국S&P500동일가중,1293,해외주식_지수,overseas_equity_index,risk
304940,304940.KS,KODEX 미국나스닥100선물(H),1056,해외주식_지수,overseas_equity_index,risk
143850,143850.KS,TIGER 미국S&P500선물(H),982,해외주식_지수,overseas_equity_index,risk
195980,195980.KS,PLUS 신흥국MSCI(합성 H),920,해외주식_지수,overseas_equity_index,risk
101280,101280.KS,KODEX 일본TOPIX100,624,해외주식_지수,overseas_equity_index,risk
099140,099140.KS,KODEX 차이나H,437,해외주식_지수,overseas_equity_index,risk
245360,245360.KS,TIGER 차이나HSCEI,400,해외주식_지수,overseas_equity_index,risk
238720,238720.KS,ACE 일본Nikkei225(H),359,해외주식_지수,overseas_equity_index,risk
195930,195930.KS,TIGER 유로스탁스50(합성 H),354,해외주식_지수,overseas_equity_index,risk
256440,256440.KS,ACE 인도네시아MSCI(합성),345,해외주식_지수,overseas_equity_index,risk
280930,280930.KS,KODEX 미국러셀2000(H),326,해외주식_지수,overseas_equity_index,risk
195970,195970.KS,PLUS 선진국MSCI(합성 H),244,해외주식_지수,overseas_equity_index,risk
250730,250730.KS,RISE 차이나HSCEI(H),172,해외주식_지수,overseas_equity_index,risk
291130,291130.KS,ACE 멕시코MSCI(합성),171,해외주식_지수,overseas_equity_index,risk
195920,195920.KS,TIGER 일본TOPIX(합성 H),159,해외주식_지수,overseas_equity_index,risk
310080,310080.KS,RISE 중국MSCI China(H),119,해외주식_지수,overseas_equity_index,risk
105010,105010.KS,TIGER 라틴35,113,해외주식_지수,overseas_equity_index,risk
379790,379790.KS,RISE 유로스탁스50(H),109,해외주식_지수,overseas_equity_index,risk
411860,411860.KS,KIWOOM 독일DAX,104,해외주식_지수,overseas_equity_index,risk
499150,499150.KS,SOL 미국S&P500엔화노출(H),85,해외주식_지수,overseas_equity_index,risk
189400,189400.KS,PLUS 글로벌MSCI(합성 H),70,해외주식_지수,overseas_equity_index,risk
261920,261920.KS,ACE 필리핀MSCI(합성),57,해외주식_지수,overseas_equity_index,risk
381170,381170.KS,TIGER 미국테크TOP10 INDXX,38009,해외주식_섹터,overseas_equity_sector,risk
458730,458730.KS,TIGER 미국배당다우존스,30379,해외주식_섹터,overseas_equity_sector,risk
487230,487230.KS,KODEX 미국AI전력핵심인프라,13631,해외주식_섹터,overseas_equity_sector,risk
371460,371460.KS,TIGER 차이나전기차SOLACTIVE,13027,해외주식_섹터,overseas_equity_sector,risk
457480,457480.KS,ACE 테슬라밸류체인액티브,11487,해외주식_섹터,overseas_equity_sector,risk
456600,456600.KS,TIME 글로벌AI인공지능액티브,10744,해외주식_섹터,overseas_equity_sector,risk
465580,465580.KS,ACE 미국빅테크TOP7 Plus,9716,해외주식_섹터,overseas_equity_sector,risk
446770,446770.KS,ACE 글로벌반도체TOP4 Plus,9671,해외주식_섹터,overseas_equity_sector,risk
446720,446720.KS,SOL 미국배당다우존스,9140,해외주식_섹터,overseas_equity_sector,risk
497570,497570.KS,TIGER 미국필라델피아AI반도체나스닥,8188,해외주식_섹터,overseas_equity_sector,risk
402970,402970.KS,ACE 미국배당다우존스,7817,해외주식_섹터,overseas_equity_sector,risk
390390,390390.KS,KODEX 미국반도체,7809,해외주식_섹터,overseas_equity_sector,risk
452360,452360.KS,SOL 미국배당다우존스(H),2026,해외주식_섹터,overseas_equity_sector,risk
182480,182480.KS,TIGER 미국MSCI리츠(합성 H),1666,해외주식_섹터,overseas_equity_sector,risk
429000,429000.KS,TIGER 미국S&P500배당귀족,1556,해외주식_섹터,overseas_equity_sector,risk
463680,463680.KS,KODEX 미국S&P500테크놀로지,648,해외주식_섹터,overseas_equity_sector,risk
453640,453640.KS,KODEX 미국S&P500헬스케어,643,해외주식_섹터,overseas_equity_sector,risk
200030,200030.KS,KODEX 미국S&P500산업재(합성),500,해외주식_섹터,overseas_equity_sector,risk
453650,453650.KS,KODEX 미국S&P500금융,435,해외주식_섹터,overseas_equity_sector,risk
218420,218420.KS,KODEX 미국S&P500에너지(합성),410,해외주식_섹터,overseas_equity_sector,risk
352560,352560.KS,KODEX 미국부동산리츠(H),332,해외주식_섹터,overseas_equity_sector,risk
493420,493420.KS,SOL 미국배당다우존스TR,325,해외주식_섹터,overseas_equity_sector,risk
287180,287180.KS,PLUS 미국나스닥테크,316,해외주식_섹터,overseas_equity_sector,risk
245350,245350.KS,TIGER 유로스탁스배당30,296,해외주식_섹터,overseas_equity_sector,risk
494410,494410.KS,PLUS 미국S&P500성장주,287,해외주식_섹터,overseas_equity_sector,risk
460660,460660.KS,RISE 미국S&P배당킹,245,해외주식_섹터,overseas_equity_sector,risk
185680,185680.KS,KODEX 미국S&P바이오(합성),200,해외주식_섹터,overseas_equity_sector,risk
453630,453630.KS,KODEX 미국S&P500필수소비재,176,해외주식_섹터,overseas_equity_sector,risk
463640,463640.KS,KODEX 미국S&P500유틸리티,162,해외주식_섹터,overseas_equity_sector,risk
453660,453660.KS,KODEX 미국S&P500경기소비재,139,해외주식_섹터,overseas_equity_sector,risk
463690,463690.KS,KODEX 미국S&P500커뮤니케이션,131,해외주식_섹터,overseas_equity_sector,risk
069500,069500.KS,KODEX 200,164803,국내주식_지수,domestic_equity_index,risk
229200,229200.KS,KODEX 코스닥150,71839,국내주식_지수,domestic_equity_index,risk
102110,102110.KS,TIGER 200,67897,국내주식_지수,domestic_equity_index,risk
278530,278530.KS,KODEX 200TR,52559,국내주식_지수,domestic_equity_index,risk
310970,310970.KS,TIGER MSCI Korea TR,39380,국내주식_지수,domestic_equity_index,risk
148020,148020.KS,RISE 200,29007,국내주식_지수,domestic_equity_index,risk
232080,232080.KS,TIGER 코스닥150,22098,국내주식_지수,domestic_equity_index,risk
278540,278540.KS,KODEX MSCI Korea TR,21216,국내주식_지수,domestic_equity_index,risk
294400,294400.KS,KIWOOM 200TR,15375,국내주식_지수,domestic_equity_index,risk
152100,152100.KS,PLUS 200,13051,국내주식_지수,domestic_equity_index,risk
226490,226490.KS,KODEX 코스피,7939,국내주식_지수,domestic_equity_index,risk
361580,361580.KS,RISE 200TR,3842,국내주식_지수,domestic_equity_index,risk
277630,277630.KS,TIGER 코스피,3810,국내주식_지수,domestic_equity_index,risk
295040,295040.KS,SOL 200TR,3540,국내주식_지수,domestic_equity_index,risk
302450,302450.KS,RISE 코스피,3310,국내주식_지수,domestic_equity_index,risk
328370,328370.KS,PLUS 코스피TR,1070,국내주식_지수,domestic_equity_index,risk
156080,156080.KS,KODEX MSCI Korea,294,국내주식_지수,domestic_equity_index,risk
091160,091160.KS,KODEX 반도체,36019,국내주식_섹터,domestic_equity_sector,risk
161510,161510.KS,PLUS 고배당주,23624,국내주식_섹터,domestic_equity_sector,risk
102780,102780.KS,KODEX 삼성그룹,23508,국내주식_섹터,domestic_equity_sector,risk
395160,395160.KS,KODEX AI반도체,20947,국내주식_섹터,domestic_equity_sector,risk
466920,466920.KS,SOL 조선TOP3플러스,18733,국내주식_섹터,domestic_equity_sector,risk
305720,305720.KS,KODEX 2차전지산업,18187,국내주식_섹터,domestic_equity_sector,risk
449450,449450.KS,PLUS K방산,17803,국내주식_섹터,domestic_equity_sector,risk
487240,487240.KS,KODEX AI전력핵심설비,15914,국내주식_섹터,domestic_equity_sector,risk
395270,395270.KS,HANARO Fn K-반도체,14664,국내주식_섹터,domestic_equity_sector,risk
315930,315930.KS,KODEX Top5PlusTR,13675,국내주식_섹터,domestic_equity_sector,risk
305540,305540.KS,TIGER 2차전지테마,11376,국내주식_섹터,domestic_equity_sector,risk
494670,494670.KS,TIGER 조선TOP10,9938,국내주식_섹터,domestic_equity_sector,risk
445290,445290.KS,KODEX 로봇액티브,9793,국내주식_섹터,domestic_equity_sector,risk
455850,455850.KS,SOL AI반도체소부장,9687,국내주식_섹터,domestic_equity_sector,risk
466940,466940.KS,TIGER 은행고배당플러스TOP10,9364,국내주식_섹터,domestic_equity_sector,risk
463250,463250.KS,TIGER K방산&우주,8830,국내주식_섹터,domestic_equity_sector,risk
139260,139260.KS,TIGER 200 IT,8199,국내주식_섹터,domestic_equity_sector,risk
462010,462010.KS,TIGER 2차전지소재Fn,7840,국내주식_섹터,domestic_equity_sector,risk
434730,434730.KS,HANARO 원자력iSelect,7364,국내주식_섹터,domestic_equity_sector,risk
091180,091180.KS,KODEX 자동차,5224,국내주식_섹터,domestic_equity_sector,risk
091170,091170.KS,KODEX 은행,4569,국내주식_섹터,domestic_equity_sector,risk
139230,139230.KS,TIGER 200 중공업,3928,국내주식_섹터,domestic_equity_sector,risk
325010,325010.KS,KODEX 성장주,1495,국내주식_섹터,domestic_equity_sector,risk
363580,363580.KS,KODEX 200IT TR,1021,국내주식_섹터,domestic_equity_sector,risk
139220,139220.KS,TIGER 200 건설,491,국내주식_섹터,domestic_equity_sector,risk
139270,139270.KS,TIGER 200 금융,430,국내주식_섹터,domestic_equity_sector,risk
227540,227540.KS,TIGER 200 헬스케어,316,국내주식_섹터,domestic_equity_sector,risk
147970,147970.KS,TIGER 모멘텀,294,국내주식_섹터,domestic_equity_sector,risk
139250,139250.KS,TIGER 200 에너지화학,288,국내주식_섹터,domestic_equity_sector,risk
174350,174350.KS,TIGER 로우볼,94,국내주식_섹터,domestic_equity_sector,risk
227550,227550.KS,TIGER 200 산업재,91,국내주식_섹터,domestic_equity_sector,risk
227570,227570.KS,TIGER 우량가치,88,국내주식_섹터,domestic_equity_sector,risk
139290,139290.KS,TIGER 200 경기소비재,83,국내주식_섹터,domestic_equity_sector,risk
139240,139240.KS,TIGER 200 철강소재,72,국내주식_섹터,domestic_equity_sector,risk
315270,315270.KS,TIGER 200커뮤니케이션서비스,66,국내주식_섹터,domestic_equity_sector,risk
227560,227560.KS,TIGER 200 생활소비재,42,국내주식_섹터,domestic_equity_sector,risk
459580,459580.KS,KODEX CD금리액티브(합성),79731,금리연계형/초단기채권,cash_short_bond,safe
488770,488770.KS,KODEX 머니마켓액티브,72891,금리연계형/초단기채권,cash_short_bond,safe
423160,423160.KS,KODEX KOFR금리액티브(합성),43045,금리연계형/초단기채권,cash_short_bond,safe
455890,455890.KS,RISE 머니마켓액티브,22406,금리연계형/초단기채권,cash_short_bond,safe
469830,469830.KS,SOL 초단기채권액티브,9092,금리연계형/초단기채권,cash_short_bond,safe
153130,153130.KS,KODEX 단기채권,7321,금리연계형/초단기채권,cash_short_bond,safe
456610,456610.KS,TIGER 미국달러SOFR금리액티브(합성),6550,금리연계형/초단기채권,cash_short_bond,safe
196230,196230.KS,RISE 단기통안채,2081,금리연계형/초단기채권,cash_short_bond,safe
455960,455960.KS,RISE 미국달러SOFR금리액티브(합성),602,금리연계형/초단기채권,cash_short_bond,safe
468370,468370.KS,KODEX iShares미국인플레이션국채액티브,187,금리연계형/초단기채권,cash_short_bond,safe
430500,430500.KS,KIWOOM 물가채KIS,113,금리연계형/초단기채권,cash_short_bond,safe
458260,458260.KS,TIGER 미국투자등급회사채액티브(H),2883,해외채권_회사채,overseas_bond_corp,safe
468380,468380.KS,KODEX iShares미국하이일드액티브,1160,해외채권_회사채,overseas_bond_corp,safe
455660,455660.KS,ACE 미국하이일드액티브(H),528,해외채권_회사채,overseas_bond_corp,safe
468630,468630.KS,KODEX iShares미국투자등급회사채액티브,367,해외채권_회사채,overseas_bond_corp,safe
332620,332620.KS,PLUS 미국장기우량회사채,208,해외채권_회사채,overseas_bond_corp,safe
332610,332610.KS,PLUS 미국단기회사채(AAA~A),131,해외채권_회사채,overseas_bond_corp,safe
182490,182490.KS,TIGER 단기선진하이일드(합성 H),82,해외채권_회사채,overseas_bond_corp,safe
453850,453850.KS,ACE 미국30년국채액티브(H),18200,해외채권_종합,overseas_bond_total,safe
458250,458250.KS,TIGER 미국30년국채스트립액티브(합성 H),6231,해외채권_종합,overseas_bond_total,safe
484790,484790.KS,KODEX 미국30년국채액티브(H),5934,해외채권_종합,overseas_bond_total,safe
329750,329750.KS,TIGER 미국달러단기채권액티브,4708,해외채권_종합,overseas_bond_total,safe
472870,472870.KS,RISE 미국30년국채엔화노출(합성 H),3570,해외채권_종합,overseas_bond_total,safe
476760,476760.KS,ACE 미국30년국채액티브,3171,해외채권_종합,overseas_bond_total,safe
305080,305080.KS,TIGER 미국채10년선물,2446,해외채권_종합,overseas_bond_total,safe
308620,308620.KS,KODEX 미국10년국채선물,1138,해외채권_종합,overseas_bond_total,safe
476750,476750.KS,ACE 미국30년국채엔화노출액티브(H),860,해외채권_종합,overseas_bond_total,safe
489000,489000.KS,PLUS 일본엔화초단기국채(합성),219,해외채권_종합,overseas_bond_total,safe
267440,267440.KS,RISE 미국장기국채선물(H),51,해외채권_종합,overseas_bond_total,safe
273130,273130.KS,KODEX 종합채권(AA-이상)액티브,38484,국내채권_회사채,domestic_bond_corp,safe
385540,385540.KS,RISE 종합채권(A-이상)액티브,17737,국내채권_회사채,domestic_bond_corp,safe
0061Z0,0061Z0.KS,RISE 단기특수은행채액티브,12843,국내채권_회사채,domestic_bond_corp,safe
451540,451540.KS,TIGER 종합채권(AA-이상)액티브,10134,국내채권_회사채,domestic_bond_corp,safe
438330,438330.KS,TIGER 투자등급회사채액티브,6984,국내채권_회사채,domestic_bond_corp,safe
0016X0,0016X0.KS,SOL 중단기회사채(A-이상)액티브,3669,국내채권_회사채,domestic_bond_corp,safe
363570,363570.KS,KODEX 장기종합채권(AA-이상)액티브,3200,국내채권_회사채,domestic_bond_corp,safe
278620,278620.KS,PLUS 단기채권액티브,532,국내채권_회사채,domestic_bond_corp,safe
336160,336160.KS,RISE 금융채액티브,417,국내채권_회사채,domestic_bond_corp,safe
157450,157450.KS,TIGER 단기통안채,9750,국내채권_종합,domestic_bond_total,safe
114260,114260.KS,KODEX 국고채3년,5353,국내채권_종합,domestic_bond_total,safe
148070,148070.KS,KIWOOM 국고채10년,4925,국내채권_종합,domestic_bond_total,safe
439870,439870.KS,KODEX 국고채30년액티브,3549,국내채권_종합,domestic_bond_total,safe
302190,302190.KS,TIGER 중장기국채,2950,국내채권_종합,domestic_bond_total,safe
272560,272560.KS,RISE 단기국공채액티브,1915,국내채권_종합,domestic_bond_total,safe
114100,114100.KS,RISE 국고채3년,1798,국내채권_종합,domestic_bond_total,safe
451530,451530.KS,TIGER 국고채30년스트립액티브,1444,국내채권_종합,domestic_bond_total,safe
298340,298340.KS,PLUS 국채선물3년,600,국내채권_종합,domestic_bond_total,safe
426150,426150.KS,WON 대한민국국고채액티브,530,국내채권_종합,domestic_bond_total,safe
152380,152380.KS,KODEX 국채선물10년,402,국내채권_종합,domestic_bond_total,safe
397420,397420.KS,RISE 국채선물5년추종,52,국내채권_종합,domestic_bond_total,safe
