page,code,name,aum
1,A411060,ACE KRX금현물,"52,303"
1,A144600,KODEX 은선물(H),"14,590"
1,A132030,KODEX 골드선물(H),"4,821"
1,A261220,KODEX WTI원유선물(H),"1,428"
1,A261240,KODEX 미국달러선물,724
1,A292560,TIGER 일본엔선물,542
1,A271060,KODEX 3대농산물선물(H),252
1,A360750,TIGER 미국S&P500,"147,821"
1,A379800,KODEX 미국S&P500,"81,089"
1,A133690,TIGER 미국나스닥100,"79,730"
1,A379810,KODEX 미국나스닥100,"55,319"
1,A381180,TIGER 미국필라델피아반도체나스닥,"34,100"
1,A360200,ACE 미국S&P500,"33,475"
1,A367380,ACE 미국나스닥100,"27,323"
1,A379780,RISE 미국S&P500,"14,147"
1,A371160,TIGER 차이나항셍테크,"9,134"
1,A449180,KODEX 미국S&P500(H),"6,946"
1,A251350,KODEX 선진국MSCI World,"4,913"
1,A448290,TIGER 미국S&P500TR(H),"4,371"
1,A241180,TIGER 일본니케이225,"4,279"
1,A453810,KODEX 인도Nifty50,"4,103"
1,A453870,TIGER 인도니프티50,"3,951"
1,A245710,ACE 베트남VN30(합성),"3,155"
1,A448300,TIGER 미국나스닥100TR(H),"2,963"
1,A283580,KODEX 차이나CSI300,"2,825"
1,A200250,KIWOOM 인도Nifty50(합성),"2,215"
1,A414780,TIGER 차이나과창판STAR50(합성),"2,068"
1,A372330,KODEX 차이나항셍테크,"1,627"
1,A192090,TIGER 차이나CSI300,"1,575"
1,A219480,KODEX 미국S&P500선물(H),"1,437"
1,A245340,TIGER 미국다우존스30,"1,412"
1,A168580,ACE 중국본토CSI300,"1,301"
1,A488500,TIGER 미국S&P500동일가중,"1,293"
1,A304940,KODEX 미국나스닥100선물(H),"1,056"
1,A143850,TIGER 미국S&P500선물(H),982
1,A195980,PLUS 신흥국MSCI(합성 H),920
1,A101280,KODEX 일본TOPIX100,624
2,A099140,KODEX 차이나H,437
2,A245360,TIGER 차이나HSCEI,400
2,A238720,ACE 일본Nikkei225(H),359
2,A195930,TIGER 유로스탁스50(합성 H),354
2,A256440,ACE 인도네시아MSCI(합성),345
2,A280930,KODEX 미국러셀2000(H),326
2,A195970,PLUS 선진국MSCI(합성 H),244
2,A250730,RISE 차이나HSCEI(H),172
2,A291130,ACE 멕시코MSCI(합성),171
2,A195920,TIGER 일본TOPIX(합성 H),159
2,A310080,RISE 중국MSCI China(H),119
2,A105010,TIGER 라틴35,113
2,A379790,RISE 유로스탁스50(H),109
2,A411860,KIWOOM 독일DAX,104
2,A499150,SOL 미국S&P500엔화노출(H),85
2,A189400,PLUS 글로벌MSCI(합성 H),70
2,A261920,ACE 필리핀MSCI(합성),57
2,A381170,TIGER 미국테크TOP10 INDXX,"38,009"
2,A458730,TIGER 미국배당다우존스,"30,379"
2,A487230,KODEX 미국AI전력핵심인프라,"13,631"
2,A371460,TIGER 차이나전기차SOLACTIVE,"13,027"
2,A457480,ACE 테슬라밸류체인액티브,"11,487"
2,A456600,TIME 글로벌AI인공지능액티브,"10,744"
2,A465580,ACE 미국빅테크TOP7 Plus,"9,716"
2,A446770,ACE 글로벌반도체TOP4 Plus,"9,671"
2,A446720,SOL 미국배당다우존스,"9,140"
2,A497570,TIGER 미국필라델피아AI반도체나스닥,"8,188"
2,A402970,ACE 미국배당다우존스,"7,817"
2,A390390,KODEX 미국반도체,"7,809"
2,A452360,SOL 미국배당다우존스(H),"2,026"
2,A182480,TIGER 미국MSCI리츠(합성 H),"1,666"
2,A429000,TIGER 미국S&P500배당귀족,"1,556"
2,A463680,KODEX 미국S&P500테크놀로지,648
2,A453640,KODEX 미국S&P500헬스케어,643
2,A200030,KODEX 미국S&P500산업재(합성),500
2,A453650,KODEX 미국S&P500금융,435
2,A218420,KODEX 미국S&P500에너지(합성),410
2,A352560,KODEX 미국부동산리츠(H),332
2,A493420,SOL 미국배당다우존스TR,325
2,A287180,PLUS 미국나스닥테크,316
2,A245350,TIGER 유로스탁스배당30,296
2,A494410,PLUS 미국S&P500성장주,287
3,A460660,RISE 미국S&P배당킹,245
3,A185680,KODEX 미국S&P바이오(합성),200
3,A453630,KODEX 미국S&P500필수소비재,176
3,A463640,KODEX 미국S&P500유틸리티,162
3,A453660,KODEX 미국S&P500경기소비재,139
3,A463690,KODEX 미국S&P500커뮤니케이션,131
3,A069500,KODEX 200,"164,803"
3,A229200,KODEX 코스닥150,"71,839"
3,A102110,TIGER 200,"67,897"
3,A278530,KODEX 200TR,"52,559"
3,A310970,TIGER MSCI Korea TR,"39,380"
3,A148020,RISE 200,"29,007"
3,A232080,TIGER 코스닥150,"22,098"
3,A278540,KODEX MSCI Korea TR,"21,216"
3,A294400,KIWOOM 200TR,"15,375"
3,A152100,PLUS 200,"13,051"
3,A226490,KODEX 코스피,"7,939"
3,A361580,RISE 200TR,"3,842"
3,A277630,TIGER 코스피,"3,810"
3,A295040,SOL 200TR,"3,540"
3,A302450,RISE 코스피,"3,310"
3,A328370,PLUS 코스피TR,"1,070"
3,A156080,KODEX MSCI Korea,294
3,A091160,KODEX 반도체,"36,019"
3,A161510,PLUS 고배당주,"23,624"
3,A102780,KODEX 삼성그룹,"23,508"
3,A395160,KODEX AI반도체,"20,947"
3,A466920,SOL 조선TOP3플러스,"18,733"
3,A305720,KODEX 2차전지산업,"18,187"
3,A449450,PLUS K방산,"17,803"
3,A487240,KODEX AI전력핵심설비,"15,914"
3,A395270,HANARO Fn K-반도체,"14,664"
3,A315930,KODEX Top5PlusTR,"13,675"
3,A305540,TIGER 2차전지테마,"11,376"
3,A494670,TIGER 조선TOP10,"9,938"
3,A445290,KODEX 로봇액티브,"9,793"
3,A455850,SOL AI반도체소부장,"9,687"
3,A466940,TIGER 은행고배당플러스TOP10,"9,364"
3,A463250,TIGER K방산&우주,"8,830"
3,A139260,TIGER 200 IT,"8,199"
3,A462010,TIGER 2차전지소재Fn,"7,840"
3,A434730,HANARO 원자력iSelect,"7,364"
4,A091180,KODEX 자동차,"5,224"
4,A091170,KODEX 은행,"4,569"
4,A139230,TIGER 200 중공업,"3,928"
4,A325010,KODEX 성장주,"1,495"
4,A363580,KODEX 200IT TR,"1,021"
4,A139220,TIGER 200 건설,491
4,A139270,TIGER 200 금융,430
4,A227540,TIGER 200 헬스케어,316
4,A147970,TIGER 모멘텀,294
4,A139250,TIGER 200 에너지화학,288
4,A174350,TIGER 로우볼,94
4,A227550,TIGER 200 산업재,91
4,A227570,TIGER 우량가치,88
4,A139290,TIGER 200 경기소비재,83
4,A139240,TIGER 200 철강소재,72
4,A315270,TIGER 200커뮤니케이션서비스,66
4,A227560,TIGER 200 생활소비재,42
4,A459580,KODEX CD금리액티브(합성),"79,731"
4,A488770,KODEX 머니마켓액티브,"72,891"
4,A423160,KODEX KOFR금리액티브(합성),"43,045"
4,A455890,RISE 머니마켓액티브,"22,406"
4,A469830,SOL 초단기채권액티브,"9,092"
4,A153130,KODEX 단기채권,"7,321"
4,A456610,TIGER 미국달러SOFR금리액티브(합성),"6,550"
4,A196230,RISE 단기통안채,"2,081"
4,A455960,RISE 미국달러SOFR금리액티브(합성),602
4,A468370,KODEX iShares미국인플레이션국채액티브,187
4,A430500,KIWOOM 물가채KIS,113
4,A458260,TIGER 미국투자등급회사채액티브(H),"2,883"
4,A468380,KODEX iShares미국하이일드액티브,"1,160"
4,A455660,ACE 미국하이일드액티브(H),528
4,A468630,KODEX iShares미국투자등급회사채액티브,367
4,A332620,PLUS 미국장기우량회사채,208
4,A332610,PLUS 미국단기회사채(AAA~A),131
4,A182490,TIGER 단기선진하이일드(합성 H),82
4,A453850,ACE 미국30년국채액티브(H),"18,200"
4,A458250,TIGER 미국30년국채스트립액티브(합성 H),"6,231"
4,A484790,KODEX 미국30년국채액티브(H),"5,934"
4,A329750,TIGER 미국달러단기채권액티브,"4,708"
4,A472870,RISE 미국30년국채엔화노출(합성 H),"3,570"
4,A476760,ACE 미국30년국채액티브,"3,171"
4,A305080,TIGER 미국채10년선물,"2,446"
5,A308620,KODEX 미국10년국채선물,"1,138"
5,A476750,ACE 미국30년국채엔화노출액티브(H),860
5,A489000,PLUS 일본엔화초단기국채(합성),219
5,A267440,RISE 미국장기국채선물(H),51
5,A273130,KODEX 종합채권(AA-이상)액티브,"38,484"
5,A385540,RISE 종합채권(A-이상)액티브,"17,737"
5,A451540,TIGER 종합채권(AA-이상)액티브,"10,134"
5,A438330,TIGER 투자등급회사채액티브,"6,984"
5,A363570,KODEX 장기종합채권(AA-이상)액티브,"3,200"
5,A278620,PLUS 단기채권액티브,532
5,A336160,RISE 금융채액티브,417
5,A157450,TIGER 단기통안채,"9,750"
5,A114260,KODEX 국고채3년,"5,353"
5,A148070,KIWOOM 국고채10년,"4,925"
5,A439870,KODEX 국고채30년액티브,"3,549"
5,A302190,TIGER 중장기국채,"2,950"
5,A272560,RISE 단기국공채액티브,"1,915"
5,A114100,RISE 국고채3년,"1,798"
5,A451530,TIGER 국고채30년스트립액티브,"1,444"
5,A298340,PLUS 국채선물3년,600
5,A426150,WON 대한민국국고채액티브,530
5,A152380,KODEX 국채선물10년,402
5,A397420,RISE 국채선물5년추종,52
